,variance
INC_1,0.2495878227498352
AOBV_SR_2,0.2494959015544389
AOBV_LR_2,0.24949590155443876
DEC_1,0.2486717101795669
AMATe_LR_8_21_2,0.24715790593239978
AMATe_SR_8_21_2,0.24715790593239978
SUPERTd_7_3.0,0.24541246353534305
ZIGZAGs_5.0%_10,0.24325920749411392
CHDLREXTd_22_22_14_2.0,0.2412429768373269
SMCbf_14_50_20_5,0.20044864394622666
THERMOs_20_2_0.5,0.19002786345942435
SMCtf_14_50_20_5,0.17285360746240236
SQZPRO_ON_WIDE,0.17061552618318562
SQZPRO_OFF,0.17061552618318562
PVR,0.13587545871558387
AROONU_14,0.13546617139380773
AROOND_14,0.13267771147859814
STC_10_12_26_0.5,0.1266039810312473
CTI_12,0.11681395484578257
STCstoch_10_12_26_0.5,0.11573617828567186
STOCHRSIk_14_14_3_3,0.11081807193993101
PVT,0.1088471817108916
AROONOSC_14,0.1057306904592271
SMChv_14_50_20_5,0.1036173722739901
STOCHRSId_14_14_3_3,0.10292899288838137
STOCHFk_14_3,0.10149289294780556
WILLR_14,0.10149289294780556
AD,0.0930626538481963
STOCHk_14_3_3,0.08946580516095401
STOCHFd_14_3,0.08946580516095401
TMO_14_5_3,0.08811331536607504
PSARaf_0.02_0.2,0.08731167374853688
STOCHd_14_3_3,0.08555823458897477
TMOs_14_5_3,0.08305067226739553
BOP,0.07828216531466149
PSARr_0.02_0.2,0.07811238071654816
BBP_5_2.0_2.0,0.07428107601080164
K_9_3,0.07222001143931556
CRSI_3_2_100,0.0719672599686099
EXHC_UPa,0.07136324106168847
OBVe_12,0.0665207321108111
THERMOl_20_2_0.5,0.06582046966755521
J_9_3,0.06489461466088822
D_9_3,0.06388408015064898
TOS_STDEVALL_U_3,0.06130114589434567
TOS_STDEVALL_U_1,0.06130114589434557
TOS_STDEVALL_L_2,0.06130114589434557
TOS_STDEVALL_L_3,0.06130114589434557
TOS_STDEVALL_L_1,0.06130114589434557
TOS_STDEVALL_LR,0.06130114589434557
TOS_STDEVALL_U_2,0.061301145894345495
OBVe_4,0.05977769570354759
OBV_min_2,0.05597876924957422
ER_10,0.05507302927059879
OBV_max_2,0.05495463101541456
OBV,0.05382186007826451
SQZPRO_ON_NORMAL,0.045942409209671846
SQZ_ON,0.045942409209671846
SQZ_OFF,0.045942409209671825
EXHC_DNa,0.043406018765109036
ATRTSe_14_20_3.0,0.04058023095254619
Adj Close,0.039381330732428776
AGj_13_8_5,0.037341675410119526
ALPHAT_14_1_50,0.037302407025907425
KAMA_10_2_30,0.03716421054250524
ALPHATl_14_1_50_2,0.037097576585051854
SUPERTl_7_3.0,0.037085830948581915
KCUe_20_2,0.03702842091621213
KCBe_20_2,0.03696481589358265
RMA_10,0.036862181269431055
QTL_30_0.5,0.03668965903921184
MEDIAN_30,0.03668965903921184
ACCBU_20,0.0366252821245483
AGt_13_8_5,0.036554178995771326
SUPERTs_7_3.0,0.03650139866976686
DCU_20_20,0.03648727395593925
SMMA_7,0.036462033673365084
KCLe_20_2,0.036344929723143425
RSX_14,0.03630671756926792
EMA_10,0.036268483615455295
MCGD_10,0.03624981436780818
ACCBM_20,0.03617561394253206
CHDLREXTl_22_22_14_2.0,0.03615257012673937
CKSPs_10_3_20,0.03607434195971267
ITS_9,0.03594553274860448
AGl_13_8_5,0.03591346159686642
SSF_20,0.03582514419198135
DCM_20_20,0.03576617476171565
HT_TL,0.03571192354968362
SINWMA_14,0.03531758232018619
CKSPl_10_3_20,0.03523275867381234
IKS_26,0.03515144357286909
VWMA_10,0.03512324055349132
SMA_10,0.03496989551761666
MFI_14,0.03469121170602511
WMA_10,0.034358006945530394
CHDLREXTs_22_22_14_2.0,0.034350944383237894
TRIMA_10,0.03434551486424084
SSF3_20,0.03421126859726395
T3_10_0.7,0.034207248064464985
ICS_26,0.03419731090359501
SWMA_10,0.03415911035474077
ACCBL_20,0.034131799147532484
SUPERT_7_3.0,0.0338990805085247
PSARs_0.02_0.2,0.03387794197963667
HILOl_13_21,0.033853995960150464
DCL_20_20,0.0338368909370185
ABER_SG_5_15,0.03379975717826692
PSARl_0.02_0.2,0.033718139499994706
HILO_13_21,0.03346412659443461
HILOs_13_21,0.03341880434488644
FWMA_10,0.03330593154158758
PWMA_10,0.03328749534824245
QQEl_14_5_4.236,0.03327916953804494
ISA_9,0.03327537591456692
BBM_5_2.0_2.0,0.03325587637773875
ABER_ZG_5_15,0.03322404413066624
ALMA_9_6.0_0.85,0.03313794303696128
PIVOTS_TRAD_D_R4,0.033058865749917274
PIVOTS_TRAD_D_R3,0.033058865749917274
MAMA_0.5_0.05,0.03297099542834838
JMA_7_0.0,0.03272641119540378
BBU_5_2.0_2.0,0.03266335113570319
ISB_26,0.032544769010705514
PIVOTS_TRAD_D_R2,0.032495908815454784
MIDPOINT_2,0.0324795694801752
MIDPRICE_2,0.03229428904497399
QQEs_14_5_4.236,0.03219587871795745
Close,0.03218577742985544
PIVOTS_TRAD_D_R1,0.03218026419804397
LDECAY_1,0.03216325148430777
ABER_XG_5_15,0.032153126216613245
High,0.032132893522971405
WCP,0.031936827628604135
ZL_EMA_10,0.03193066498435254
OHLC4,0.03188901872720434
HLC3,0.03185564334433763
VWAP_D,0.03185564334433763
ZS_30,0.03183588936744774
Open,0.03175389899380525
HL2,0.03169594450243509
PIVOTS_TRAD_D_P,0.031626863533986825
DEMA_10,0.031428592816575646
PIVOTS_TRAD_D_S1,0.031344451632909616
Low,0.031277605769746905
PSL_12,0.031272549851547676
TSIs_13_25_13,0.03125876849965434
HMA_10,0.031183432445401536
BBL_5_2.0_2.0,0.0309041728268172
PIVOTS_TRAD_D_S2,0.030831123790738747
SMIs_5_20_5_1.0,0.03068867701557259
TEMA_10,0.030474613966093196
PIVOTS_TRAD_D_S4,0.03010651812140097
PIVOTS_TRAD_D_S3,0.03010651812140097
ZIGZAGv_5.0%_10,0.03009631804095627
LINREG_14,0.029544556783768446
SMI_5_20_5_1.0,0.02900943779724488
INERTIA_20_14,0.028378606239994397
TSI_13_25_13,0.027993833907184934
HWMA_0.2_0.1_0.1,0.02787049747514877
HWM_1,0.02787049747514877
NVI_1,0.02758469617336009
HWL_1,0.027397627684369184
HWU_1,0.027098931390735326
VTXM_14,0.026976609802315508
QQE_14_5_4.236,0.026858811683881493
VHF_28,0.026805237298257855
ADXR_14_2,0.02535035454961908
VTXP_14,0.024573026253020224
ADX_14,0.024510311975988637
UO_7_14_28,0.023016682114305777
RVI_14,0.022613364212231205
STOCHh_14_3_3,0.0224026581359697
SMCbp_14_50_20_5,0.022086882101791636
CHOP_14_1_100.0,0.021049557177511363
FISHERT_9_1,0.02097534679905833
FISHERTs_9_1,0.0209584071822766
PVIe_255,0.020623439739813256
SMCtp_14_50_20_5,0.020380071835525353
ABER_ATR_5_15,0.020148873223241593
RWIh_14,0.019950008232482837
TRIXs_30_9,0.019945278914541602
ATRr_14,0.01993784440744572
TRIX_30_9,0.019869019396357556
FAMA_0.5_0.05,0.01964098087331251
SKEW_30,0.018481059988052218
CMO_14,0.018460591527267402
RSI_14,0.018460591527267402
RWIl_14,0.017766424165997847
VIDYA_14,0.017662227690386993
THERMOma_20_2_0.5,0.01727323415228541
DMP_14,0.01697021372078523
ZIGZAGd_5.0%_10,0.016765487658421476
HWW_1,0.016403480262344755
TRENDFLEX_20_20_0.04,0.01635284703697903
SMIo_5_20_5_1.0,0.016174292282816673
QQE_14_5_4.236_RSIMA,0.01601144941305641
MACDs_12_26_9,0.014146503030560037
CCI_14_0.015,0.013614382984285899
STDEV_30,0.012979205904973572
MAD_30,0.012670217463541238
DMN_14,0.012598439271721804
STCmacd_10_12_26_0.5,0.012001683173297396
MACD_12_26_9,0.012001683173297396
PVOs_12_26_9,0.011975062487303621
RVGI_14_4,0.01147336397976979
RVGIs_14_4,0.011279963798165944
KURT_30,0.01073521001946469
PGO_14,0.010627834394303638
KSTs_9,0.010330355387224066
CMF_20,0.010230254028732871
UI_14,0.010200181695734748
KST_10_15_20_30_10_10_10_15,0.010058234517857909
PVO_12_26_9,0.009840818427390064
APO_12_26,0.009753224543670209
AO_5_34,0.009416977908115916
QS_10,0.008947187582841834
SQZPRO_20_2.0_20_2.0_1.5_1.0,0.008938465081951116
SQZ_20_2.0_20_1.5,0.008938465081951116
MACDh_12_26_9,0.008691542086247362
KVOs_34_55_13,0.008055388090035535
PPOs_12_26_9,0.007847338484738633
BEARP_13,0.007840134975911395
PPOh_12_26_9,0.007793525920371191
COPC_11_14_10,0.007292724945996792
MOM_10,0.007255607752549989
PPO_12_26_9,0.007209362341821016
ADOSC_3_10,0.006595778918177344
BULLP_13,0.006583130983320461
THERMO_20_2_0.5,0.0064936168045747
BBB_5_2.0_2.0,0.006300140582477568
NATR_14,0.006230310704729418
BIAS_SMA_26,0.0059386548488307425
ENTP_10,0.005920206888837582
PVOh_12_26_9,0.005912148603376533
VAR_30,0.005872459850849579
CG_10,0.005712534326724761
ROC_10,0.0056644408608970895
DPO_20,0.005540782405524483
SMCbi_14_50_20_5,0.005356601144741593
TRUERANGE_1,0.005247141958912409
TSVs_18_10,0.005140186853626509
MASSI_9_25,0.004462720153043861
PDIST,0.004417796048631797
BR_26,0.004353879965047243
KVO_34_55_13,0.0038457352224765583
PVOL,0.0036376689463298805
SMCti_14_50_20_5,0.003633883933017818
CFO_9,0.0034930449767253124
Volume,0.0034650141521180506
VHM_610,0.003110997998318331
SLOPE_1,0.0030286766192065395
TSV_18_10,0.0029731978615886575
PCTRET_1,0.0026309005825408934
LOGRET_1,0.002537319532389268
EFI_13,0.002353289960662843
PVI,0.0015042000666229745
AR_26,0.0009665017817287623
TSVr_18_10,6.085889997420809e-06
HWPCT_1,6.972735570150555e-32
SQZPRO_ON_NARROW,0.0
TMOMs_14_5_3,0.0
SQZPRO_NO,0.0
TMOM_14_5_3,0.0
SQZ_NO,0.0
