,signal,actual_return,strategy_return,fold
2019-11-04,-1,-0.0016635855853783799,0.0016635855853783799,1
2019-11-05,-1,-0.0008330994007166304,0.0008330994007166304,1
2019-11-06,-1,0.0008337940340268357,-0.0008337940340268357,1
2019-11-07,-1,-0.001874612700153433,0.001874612700153433,1
2019-11-08,-1,0.0010434694004270995,-0.0010434694004270995,1
2019-11-11,-1,-0.00125081033487906,0.00125081033487906,1
2019-11-12,-1,-0.0010436075395489075,0.0010436075395489075,1
2019-11-13,-1,-0.002298382970094881,0.002298382970094881,1
2019-11-14,-1,0.006701564289512518,-0.006701564289512518,1
2019-11-15,-1,0.0027044116692438447,-0.0027044116692438447,1
2019-11-18,-1,-0.002074736249698339,0.002074736249698339,1
2019-11-19,-1,-0.006860665838377744,0.006860665838377744,1
2019-11-20,-1,-0.000837364771698268,0.000837364771698268,1
2019-11-21,-1,0.001885609751750561,-0.001885609751750561,1
2019-11-22,-1,0.007946488300717425,-0.007946488300717425,1
2019-11-25,-1,0.0010373285533014087,-0.0010373285533014087,1
2019-11-26,-1,0.003108839914588657,-0.003108839914588657,1
2019-11-27,-1,-0.006611563734210235,0.006611563734210235,1
2019-11-29,-1,-0.005823681017692595,0.005823681017692595,1
2019-12-02,-1,-0.004184116446269481,0.004184116446269481,1
2019-12-03,-1,0.010084104460519328,-0.010084104460519328,1
2019-12-04,-1,-0.0020799144136839365,0.0020799144136839365,1
2019-12-05,-1,0.00958730906338845,-0.00958730906338845,1
2019-12-06,-1,-0.003922349960683524,0.003922349960683524,1
2019-12-09,-1,-0.0004145172593507107,0.0004145172593507107,1
2019-12-10,-1,0.005805489984541001,-0.005805489984541001,1
2019-12-11,-1,0.007627350224371998,-0.007627350224371998,1
2019-12-12,-1,0.010638307004924963,-0.010638307004924963,1
2019-12-13,-1,0.005060728588622387,-0.005060728588622387,1
2019-12-16,-1,-0.008056425248454735,0.008056425248454735,1
2019-12-17,-1,-0.0012183019957566765,0.0012183019957566765,1
2019-12-18,-1,0.001219788065991878,-0.001219788065991878,1
2019-12-19,-1,0.00203042587047908,-0.00203042587047908,1
2019-12-20,-1,0.0016211111150619129,-0.0016211111150619129,1
2019-12-23,-1,0.0010115160176382698,-0.0010115160176382698,1
2019-12-24,-1,0.004042052643285388,-0.004042052643285388,1
2019-12-26,-1,0.005434791789555193,-0.005434791789555193,1
2019-12-27,-1,-0.008208205028022997,0.008208205028022997,1
2019-12-30,-1,0.006661243646727266,-0.006661243646727266,1
2019-12-31,-1,0.00741934538814415,-0.00741934538814415,1
2020-01-02,-1,-0.011345610877353751,0.011345610877353751,1
2020-01-03,-1,0.0018119620677610193,-0.0018119620677610193,1
2020-01-06,-1,-0.004019231410537283,0.004019231410537283,1
2020-01-07,-1,0.0018159836580713407,-0.0018159836580713407,1
2020-01-08,-1,0.0012084100050324675,-0.0012084100050324675,1
2020-01-09,-1,-0.00462682652328128,0.00462682652328128,1
2020-01-10,-1,0.004042052643285388,-0.004042052643285388,1
2020-01-13,-1,0.0008051714026091616,-0.0008051714026091616,1
2020-01-14,-1,0.0010056161671960773,-0.0010056161671960773,1
2020-01-15,-1,0.004420358020487125,-0.004420358020487125,1
2020-01-16,-1,0.005001000032126113,-0.005001000032126113,1
2020-01-17,-1,-0.007165617004862956,0.007165617004862956,1
2020-01-21,-1,-0.000801942956511148,0.000801942956511148,1
2020-01-22,-1,-0.0018057815471980154,0.0018057815471980154,1
2020-01-23,-1,-0.0034170486220163054,0.0034170486220163054,1
2020-01-24,-1,-0.020572820090635657,0.020572820090635657,1
2020-01-27,-1,0.008443159716169601,-0.008443159716169601,1
2020-01-28,-1,0.0018378629843660566,-0.0018378629843660566,1
2020-01-29,-1,0.00040767340407299457,-0.00040767340407299457,1
2020-01-30,-1,-0.015077458248963893,0.015077458248963893,1
2020-01-31,-1,-0.0018618153145180116,0.0018618153145180116,1
2020-02-03,-1,0.01658029506861247,-0.01658029506861247,1
2020-02-04,-1,0.011824706219698777,-0.011824706219698777,1
2020-02-05,-1,0.0012088969837298347,-0.0012088969837298347,1
2020-02-06,-1,-0.010263601039004144,0.010263601039004144,1
2020-02-07,-1,0.0038633311413174276,-0.0038633311413174276,1
2020-02-10,-1,0.007697003774286504,-0.007697003774286504,1
2020-02-11,-1,0.005025125628140614,-0.005025125628140614,1
2020-02-12,-1,-0.0055999755859375,0.0055999755859375,1
2020-02-13,-1,0.0,-0.0,1
2020-02-14,-1,-0.004625895747978337,0.004625895747978337,1
2020-02-18,-1,0.00525355248970083,-0.00525355248970083,1
2020-02-19,-1,-0.004623106376609565,0.004623106376609565,1
2020-02-20,-1,-0.0036349011209987347,0.0036349011209987347,1
2020-02-21,-1,-0.04296714481816988,0.04296714481816988,1
2020-02-24,-1,-0.021812845560506777,0.021812845560506777,1
2020-02-25,-1,0.0015154729791166943,-0.0015154729791166943,1
2020-02-26,-1,-0.032209207043484955,0.032209207043484955,1
2020-02-27,1,-0.007147636621672726,-0.007147636621672726,1
2020-02-28,1,0.02024741722686363,0.02024741722686363,1
2020-03-02,1,-0.009481815207141864,-0.009481815207141864,1
2020-03-03,1,0.034505857411841534,0.034505857411841534,1
2020-03-04,1,-0.03249412732009438,-0.03249412732009438,1
2020-03-05,1,-0.014457244760178956,-0.014457244760178956,1
2020-03-06,1,-0.08688788466477115,-0.08688788466477115,1
2020-03-09,1,0.03633221092353578,0.03633221092353578,1
2020-03-10,1,-0.058192191961605966,-0.058192191961605966,1
2020-03-11,1,-0.1149658324274756,-0.1149658324274756,1
2020-03-12,1,0.0655221993000823,0.0655221993000823,1
2020-03-13,1,-0.1165413522281713,-0.1165413522281713,1
2020-03-16,1,0.03039513536841043,0.03039513536841043,1
2020-03-17,1,-0.06253689509763039,-0.06253689509763039,1
2020-03-18,1,0.018565079688219965,0.018565079688219965,1
2020-03-19,1,-0.012974920692123026,-0.012974920692123026,1
2020-03-20,1,-0.006572800839018456,-0.006572800839018456,1
2020-03-23,1,0.09105234145675167,0.09105234145675167,1
2020-03-24,1,0.03609586951907162,0.03609586951907162,1
2020-03-25,1,0.04933111496857179,0.04933111496857179,1
2020-03-26,1,-0.032403749568630236,-0.032403749568630236,1
2020-03-27,1,0.014548415450371888,0.014548415450371888,1
2020-03-30,1,0.003246827639463934,0.003246827639463934,1
2020-03-31,1,-0.04476816559159702,-0.04476816559159702,1
2020-04-01,1,0.01806897903531879,0.01806897903531879,1
2020-04-02,1,-0.02024402424945626,-0.02024402424945626,1
2020-04-03,1,0.050948178425464175,0.050948178425464175,1
2020-04-06,1,0.005925057895965979,0.005925057895965979,1
2020-04-07,1,0.014457856428066407,0.014457856428066407,1
2020-04-08,1,0.025336476641246053,0.025336476641246053,1
2020-04-09,1,-0.012870013375497646,-0.012870013375497646,1
2020-04-13,1,0.01590614431870696,0.01590614431870696,1
2020-04-14,1,-0.03978437560277803,-0.03978437560277803,1
2020-04-15,1,0.002940406597172762,0.002940406597172762,1
2020-04-16,1,0.03224944215645076,0.03224944215645076,1
2020-04-17,1,-0.012651636187993587,-0.012651636187993587,1
2020-04-20,1,-0.01987453197886313,-0.01987453197886313,1
2020-04-21,1,0.012806818252369956,0.012806818252369956,1
2020-04-22,1,-0.005268724124423474,-0.005268724124423474,1
2020-04-23,1,0.012447066779531557,0.012447066779531557,1
2020-04-24,1,0.01438658759210587,0.01438658759210587,1
2020-04-27,1,0.005930880595053534,0.005930880595053534,1
2020-04-28,1,0.029735962505073932,0.029735962505073932,2
2020-04-29,1,-0.017674859766897977,-0.017674859766897977,2
2020-04-30,1,-0.02179423797021751,-0.02179423797021751,2
2020-05-01,1,-0.0018134636681695904,-0.0018134636681695904,2
2020-05-04,1,-0.0007785824097402694,-0.0007785824097402694,2
2020-05-05,1,-0.008051983721844569,-0.008051983721844569,2
2020-05-06,1,0.01649649360486305,0.01649649360486305,2
2020-05-07,1,0.019319938328077768,0.019319938328077768,2
2020-05-08,1,-0.0053070277000817345,-0.0053070277000817345,2
2020-05-11,1,-0.011941087739198775,-0.011941087739198775,2
2020-05-12,1,-0.014399526031949716,-0.014399526031949716,2
2020-05-13,1,-0.008870340108161012,-0.008870340108161012,2
2020-05-14,1,0.0015792986560396738,0.0015792986560396738,2
2020-05-15,1,0.04546648033967138,0.04546648033967138,2
2020-05-18,1,-0.013826024483107546,-0.013826024483107546,2
2020-05-19,1,0.02192201428464613,0.02192201428464613,2
2020-05-20,1,-0.007982032766431946,-0.007982032766431946,2
2020-05-21,1,-0.0005029031313417143,-0.0005029031313417143,2
2020-05-22,1,0.025911918976021964,0.025911918976021964,2
2020-05-26,1,0.013732255763953427,0.013732255763953427,2
2020-05-27,1,0.009675895607220264,0.009675895607220264,2
2020-05-28,1,0.0004790762401123416,0.0004790762401123416,2
2020-05-29,1,0.02250963791158833,0.02250963791158833,2
2020-06-01,1,0.010772812090249495,0.010772812090249495,2
2020-06-02,1,0.028962001955960437,0.028962001955960437,2
2020-06-03,1,-0.0018013514215781123,-0.0018013514215781123,2
2020-06-04,1,0.017595279654386564,0.017595279654386564,2
2020-06-05,1,0.01197075832899519,0.01197075832899519,2
2020-06-08,1,-0.017305605457197948,-0.017305605457197948,2
2020-06-09,1,-0.0028979283626053842,-0.0028979283626053842,2
2020-06-10,1,-0.05991505326632496,-0.05991505326632496,2
2020-06-11,1,0.01854940804152716,0.01854940804152716,2
2020-06-12,1,-0.004669641708827554,-0.004669641708827554,2
2020-06-15,1,0.011259665264126362,0.011259665264126362,2
2020-06-16,1,0.0018556718910880399,0.0018556718910880399,2
2020-06-17,1,-0.006946034883062557,-0.006946034883062557,2
2020-06-18,1,-0.004196789641811582,-0.004196789641811582,2
2020-06-19,1,0.011238575334243661,0.011238575334243661,2
2020-06-22,1,0.007640700197906858,0.007640700197906858,2
2020-06-23,1,-0.026424667136549895,-0.026424667136549895,2
2020-06-24,1,0.01368897440821537,0.01368897440821537,2
2020-06-25,1,-0.015133911858734472,-0.015133911858734472,2
2020-06-26,1,0.008983476949623759,0.008983476949623759,2
2020-06-29,1,0.0018743677550470128,0.0018743677550470128,2
2020-06-30,1,0.006548236786368955,0.006548236786368955,2
2020-07-01,1,0.008131934634667326,0.008131934634667326,2
2020-07-02,1,0.018206981485134888,0.018206981485134888,2
2020-07-06,1,-0.016070599356457604,-0.016070599356457604,2
2020-07-07,1,0.0121922881162575,0.0121922881162575,2
2020-07-08,1,-0.014318206093528074,-0.014318206093528074,2
2020-07-09,1,0.010606477069376563,0.010606477069376563,2
2020-07-10,1,-0.006160174457769951,-0.006160174457769951,2
2020-07-13,1,0.01606971823172154,0.01606971823172154,2
2020-07-14,1,0.012426639688556618,0.012426639688556618,2
2020-07-15,1,-0.003124374024883525,-0.003124374024883525,2
2020-07-16,1,0.007387549688419481,0.007387549688419481,2
2020-07-17,1,0.007333374023437589,0.007333374023437589,2
2020-07-20,1,0.002206010811422132,0.002206010811422132,2
2020-07-21,1,0.006603549087503824,0.006603549087503824,2
2020-07-22,1,-0.009403024480213129,-0.009403024480213129,2
2020-07-23,1,-0.008388544691284472,-0.008388544691284472,2
2020-07-24,1,0.0117988115671952,0.0117988115671952,2
2020-07-27,1,-0.0048405108253049,-0.0048405108253049,2
2020-07-28,1,0.013044443036903886,0.013044443036903886,2
2020-07-29,1,-0.013967686466849316,-0.013967686466849316,2
2020-07-30,1,-0.021248319565918217,-0.021248319565918217,2
2020-07-31,1,0.020126625171411172,0.020126625171411172,2
2020-08-03,1,0.003546881960701853,0.003546881960701853,2
2020-08-04,1,0.005301476945940076,0.005301476945940076,2
2020-08-05,1,0.0013184217865072068,0.0013184217865072068,2
2020-08-06,1,-0.003072183247443294,-0.003072183247443294,2
2020-08-07,1,0.00022008191648770214,0.00022008191648770214,2
2020-08-10,1,0.003521123508970936,0.003521123508970936,2
2020-08-11,1,0.022368431839806746,0.022368431839806746,2
2020-08-12,1,-0.0049334952274960875,-0.0049334952274960875,2
2020-08-13,1,-0.010131520303662711,-0.010131520303662711,2
2020-08-14,1,0.008928651534368948,0.008928651534368948,2
2020-08-17,1,-0.00021588896687163572,-0.00021588896687163572,2
2020-08-18,1,-0.006260814279749449,-0.006260814279749449,2
2020-08-19,1,-0.0015207407490895886,-0.0015207407490895886,2
2020-08-20,1,-0.007180113640796626,-0.007180113640796626,2
2020-08-21,1,0.014025846475284265,0.014025846475284265,2
2020-08-24,-1,0.0015128526935743736,-0.0015128526935743736,2
2020-08-25,-1,0.009279246952090592,-0.009279246952090592,2
2020-08-26,-1,-0.012401150852638265,0.012401150852638265,2
2020-08-27,1,0.00757744748266731,0.00757744748266731,2
2020-08-28,1,-0.006660966205258245,-0.006660966205258245,2
2020-08-31,1,-0.0030283234054659935,-0.0030283234054659935,2
2020-09-01,1,0.015621636327174171,0.015621636327174171,2
2020-09-02,-1,-0.024781025707766524,0.024781025707766524,2
2020-09-03,1,0.002190547005007426,0.002190547005007426,2
2020-09-04,1,-0.014426226172942314,-0.014426226172942314,2
2020-09-08,1,0.024173877775543362,0.024173877775543362,2
2020-09-09,-1,-0.01472499568389063,0.01472499568389063,2
2020-09-10,-1,0.009010985657408987,-0.009010985657408987,2
2020-09-11,-1,0.004574146921599187,-0.004574146921599187,2
2020-09-14,-1,0.006504753772948346,-0.006504753772948346,2
2020-09-15,-1,-0.00021538823626865433,0.00021538823626865433,2
2020-09-16,-1,0.002154675165909836,-0.002154675165909836,2
2020-09-17,1,-0.0075252308482465224,-0.0075252308482465224,2
2020-09-18,1,-0.0309792094866298,-0.0309792094866298,2
2020-09-21,1,-0.0029063507589013327,-0.0029063507589013327,2
2020-09-22,1,-0.013901321818307166,-0.013901321818307166,2
2020-09-23,1,-0.0009095251465141008,-0.0009095251465141008,2
2020-09-24,1,0.004324133985993184,0.004324133985993184,2
2020-09-25,1,0.01699524092107696,0.01699524092107696,2
2020-09-28,1,-0.00022286399270110557,-0.00022286399270110557,2
2020-09-29,1,-0.003565853604208913,-0.003565853604208913,2
2020-09-30,1,0.0076045663061972135,0.0076045663061972135,2
2020-10-01,1,-0.00022193832857997364,-0.00022193832857997364,2
2020-10-02,1,0.01820603193064163,0.01820603193064163,2
2020-10-05,1,-0.014173604823986552,-0.014173604823986552,2
2020-10-06,1,0.008184090999221239,0.008184090999221239,2
2020-10-07,1,0.009653326218368008,0.009653326218368008,2
2020-10-08,1,0.00999563406990478,0.00999563406990478,2
2020-10-09,1,0.006669564895527058,0.006669564895527058,2
2020-10-12,1,-0.015601614190053903,-0.015601614190053903,2
2020-10-13,1,-0.0023882024983036265,-0.0023882024983036265,2
2020-10-14,1,-0.013928169293190185,-0.013928169293190185,2
2020-10-15,1,0.006400288943734678,0.006400288943734678,2
2020-10-16,-1,-0.004385898134529276,0.004385898134529276,3
2020-10-19,-1,0.007709217232549914,-0.007709217232549914,3
2020-10-20,-1,-0.010710419201459986,0.010710419201459986,3
2020-10-21,-1,0.0004419014252183828,-0.0004419014252183828,3
2020-10-22,-1,0.00883395619837768,-0.00883395619837768,3
2020-10-23,-1,-0.02298597263672908,0.02298597263672908,3
2020-10-26,-1,-0.013219810407071653,0.013219810407071653,3
2020-10-27,-1,-0.03701183093165061,0.03701183093165061,3
2020-10-28,1,0.0025937422953863365,0.0025937422953863365,3
2020-10-29,1,-0.002822176166342283,-0.002822176166342283,3
2020-10-30,1,0.014622615791802573,0.014622615791802573,3
2020-11-02,1,0.027661520549663976,0.027661520549663976,3
2020-11-03,-1,0.016512091322180567,-0.016512091322180567,3
2020-11-04,-1,0.022919506574750725,-0.022919506574750725,3
2020-11-05,-1,0.002827871437154128,-0.002827871437154128,3
2020-11-06,-1,0.02863339996779435,-0.02863339996779435,3
2020-11-09,-1,0.014972647123274063,-0.014972647123274063,3
2020-11-10,-1,0.008726327854240434,-0.008726327854240434,3
2020-11-11,-1,-0.013182273938325717,0.013182273938325717,3
2020-11-12,-1,0.014610744420139321,-0.014610744420139321,3
2020-11-13,-1,0.010491633720008497,-0.010491633720008497,3
2020-11-16,-1,0.0004071754519254789,-0.0004071754519254789,3
2020-11-17,-1,-0.005087505150695337,0.005087505150695337,3
2020-11-18,-1,0.006340793151178747,-0.006340793151178747,3
2020-11-19,-1,-0.00040651336287655937,0.00040651336287655937,3
2020-11-20,-1,-0.00040667868319566036,0.00040667868319566036,3
2020-11-23,-1,0.015052922716918049,-0.015052922716918049,3
2020-11-24,-1,0.0,-0.0,3
2020-11-25,-1,0.0034067768285968025,-0.0034067768285968025,3
2020-11-27,-1,-0.014379892652117476,0.014379892652117476,3
2020-11-30,-1,0.02391084785533626,-0.02391084785533626,3
2020-12-01,-1,0.0005937580589538971,-0.0005937580589538971,3
2020-12-02,-1,0.003164553858114205,-0.003164553858114205,3
2020-12-03,-1,0.00887217936537632,-0.00887217936537632,3
2020-12-04,-1,-0.006449052729450622,0.006449052729450622,3
2020-12-07,-1,0.0031471252346950696,-0.0031471252346950696,3
2020-12-08,-1,-0.0003921658385033222,0.0003921658385033222,3
2020-12-09,-1,-0.0009807618185465605,0.0009807618185465605,3
2020-12-10,-1,-0.006479517555022518,0.006479517555022518,3
2020-12-11,-1,-0.009288486564801635,0.009288486564801635,3
2020-12-14,-1,0.013564737496251311,-0.013564737496251311,3
2020-12-15,-1,0.0051170697600073645,-0.0051170697600073645,3
2020-12-16,-1,0.007636565341275325,-0.007636565341275325,3
2020-12-17,-1,-0.004663775127076275,0.004663775127076275,3
2020-12-18,-1,-0.01386182901696098,0.01386182901696098,3
2020-12-21,-1,-0.0023757461071545194,0.0023757461071545194,3
2020-12-22,-1,0.01389166047664725,-0.01389166047664725,3
2020-12-23,-1,0.002740250327467386,-0.002740250327467386,3
2020-12-24,-1,0.006831979151781908,-0.006831979151781908,3
2020-12-28,-1,0.006397789931033682,-0.006397789931033682,3
2020-12-29,-1,-0.0007705820775365524,0.0007705820775365524,3
2020-12-30,-1,-0.011374593497923025,0.011374593497923025,3
2020-12-31,-1,0.012090537467647877,-0.012090537467647877,3
2021-01-04,-1,0.00924854582127499,-0.00924854582127499,3
2021-01-05,-1,0.012600225925040398,-0.012600225925040398,3
2021-01-06,-1,0.0022624232619430362,-0.0022624232619430362,3
2021-01-07,-1,0.004702784061655141,-0.004702784061655141,3
2021-01-08,-1,-0.014042314213493445,0.014042314213493445,3
2021-01-11,-1,0.003987829188779823,-0.003987829188779823,3
2021-01-12,-1,-0.0037828781346700424,0.0037828781346700424,3
2021-01-13,-1,0.00702492423476464,-0.00702492423476464,3
2021-01-14,-1,-0.01621418920639195,0.01621418920639195,3
2021-01-15,-1,0.007857413664511537,-0.007857413664511537,3
2021-01-19,-1,0.006845419458205715,-0.006845419458205715,3
2021-01-20,-1,0.003210541388023902,-0.003210541388023902,3
2021-01-21,-1,-0.006024090761646117,0.006024090761646117,3
2021-01-22,-1,-0.006818193476390788,0.006818193476390788,3
2021-01-25,-1,0.004385956297855209,-0.004385956297855209,3
2021-01-26,-1,-0.02449206655926317,0.02449206655926317,3
2021-01-27,-1,0.009536742965807532,-0.009536742965807532,3
2021-01-28,-1,-0.020821246165353968,0.020821246165353968,3
2021-01-29,-1,0.013191536855052144,-0.013191536855052144,3
2021-02-01,-1,0.011270925794277575,-0.011270925794277575,3
2021-02-02,-1,0.0005764561638952337,-0.0005764561638952337,3
2021-02-03,-1,0.0013443382991065178,-0.0013443382991065178,3
2021-02-04,-1,0.00632914911618121,-0.00632914911618121,3
2021-02-05,-1,0.003239911663623918,-0.003239911663623918,3
2021-02-08,-1,0.00493925036559939,-0.00493925036559939,3
2021-02-09,-1,-0.003780732649726115,0.003780732649726115,3
2021-02-10,-1,0.0064516157052314504,-0.0064516157052314504,3
2021-02-11,-1,0.006787341706967709,-0.006787341706967709,3
2021-02-12,-1,0.009363295612598188,-0.009363295612598188,3
2021-02-16,-1,-0.009462005970177989,0.009462005970177989,3
2021-02-17,-1,-0.0043079143072798365,0.0043079143072798365,3
2021-02-18,-1,0.003009778929107698,-0.003009778929107698,3
2021-02-19,-1,-0.0020630272126996863,0.0020630272126996863,3
2021-02-22,-1,-0.0003758778069498092,0.0003758778069498092,3
2021-02-23,-1,0.008836270592929019,-0.008836270592929019,3
2021-02-24,-1,-0.017144952880384312,0.017144952880384312,3
2021-02-25,-1,-0.00967011983313415,0.00967011983313415,3
2021-02-26,-1,0.016082714147998667,-0.016082714147998667,3
2021-03-01,-1,0.003203353770871775,-0.003203353770871775,3
2021-03-02,-1,-0.00582271531776446,0.00582271531776446,3
2021-03-03,-1,-0.011335697537534717,0.011335697537534717,3
2021-03-04,-1,0.004586238398086806,-0.004586238398086806,3
2021-03-05,-1,0.0019021965893399884,-0.0019021965893399884,3
2021-03-08,-1,0.015378800103482915,-0.015378800103482915,3
2021-03-09,-1,0.006544545471469876,-0.006544545471469876,3
2021-03-10,-1,0.009102690824856152,-0.009102690824856152,3
2021-03-11,-1,0.0007363938835065476,-0.0007363938835065476,3
2021-03-12,-1,-0.0023914839340616334,0.0023914839340616334,3
2021-03-15,-1,-0.0009219848327972624,0.0009219848327972624,3
2021-03-16,-1,0.004429639394937457,-0.004429639394937457,3
2021-03-17,-1,-0.011576576159781582,0.011576576159781582,3
2021-03-18,-1,0.001301351433961706,-0.001301351433961706,3
2021-03-19,-1,0.0038989803582047955,-0.0038989803582047955,3
2021-03-22,-1,-0.013501008809996495,0.013501008809996495,3
2021-03-23,-1,-0.0026246604658407557,0.0026246604658407557,3
2021-03-24,-1,0.005451144950534781,-0.005451144950534781,3
2021-03-25,-1,0.01252567111462688,-0.01252567111462688,3
2021-03-26,-1,-0.003692776283288901,0.003692776283288901,3
2021-03-29,-1,0.0012972515939935203,-0.0012972515939935203,3
2021-03-30,-1,-0.0011104490088705843,0.0011104490088705843,3
2021-03-31,-1,0.016305303567056395,-0.016305303567056395,3
2021-04-01,-1,0.01622612997456363,-0.01622612997456363,3
2021-04-05,-1,-0.008790844343589121,0.008790844343589121,3
2021-04-06,-1,0.0019909612733315374,-0.0019909612733315374,3
2021-04-07,-1,0.0070447865850549185,-0.0070447865850549185,3
2021-04-08,-1,0.002869952419948252,-0.002869952419948252,3
2021-04-09,-1,-0.00500802682992374,0.00500802682992374,3
2021-04-12,-1,0.005932015279909164,-0.005932015279909164,4
2021-04-13,-1,0.00017873724792893952,-0.00017873724792893952,4
2021-04-14,-1,0.00839730919698467,-0.00839730919698467,4
2021-04-15,-1,0.011693831741161231,-0.011693831741161231,4
2021-04-16,-1,-0.0010507453624704066,0.0010507453624704066,4
2021-04-19,-1,-0.01683027820939831,0.01683027820939831,4
2021-04-20,-1,0.009272407740515742,-0.009272407740515742,4
2021-04-21,-1,-0.0031802174916679693,0.0031802174916679693,4
2021-04-22,-1,0.010280075325736826,-0.010280075325736826,4
2021-04-23,-1,0.0026316057171738017,-0.0026316057171738017,4
2021-04-26,-1,-0.0006999285119744236,0.0006999285119744236,4
2021-04-27,-1,0.003151817602032203,-0.003151817602032203,4
2021-04-28,-1,0.0012218483802686197,-0.0012218483802686197,4
2021-04-29,-1,-0.013772679691791634,0.013772679691791634,4
2021-04-30,-1,0.012904358249503645,-0.012904358249503645,4
2021-05-03,-1,-0.016928401726373554,0.016928401726373554,4
2021-05-04,-1,0.013314396868819633,-0.013314396868819633,4
2021-05-05,-1,0.007182898287663386,-0.007182898287663386,4
2021-05-06,-1,0.014785153058004985,-0.014785153058004985,4
2021-05-07,-1,-0.007884797450626202,0.007884797450626202,4
2021-05-10,-1,-0.011748450114496989,0.011748450114496989,4
2021-05-11,-1,-0.010664346192575391,0.010664346192575391,4
2021-05-12,-1,0.00830537585149016,-0.00830537585149016,4
2021-05-13,-1,0.019102701127835964,-0.019102701127835964,4
2021-05-14,-1,-0.0012037780393361341,0.0012037780393361341,4
2021-05-17,-1,0.0012052288673791711,-0.0012052288673791711,4
2021-05-18,-1,-0.010834067955008742,0.010834067955008742,4
2021-05-19,-1,0.014603618670077978,-0.014603618670077978,4
2021-05-20,-1,0.0015421547574816508,-0.0015421547574816508,4
2021-05-21,-1,0.005645817143712595,-0.005645817143712595,4
2021-05-24,-1,0.0017012979056676425,-0.0017012979056676425,4
2021-05-25,-1,-0.0033967520263473716,0.0033967520263473716,4
2021-05-26,-1,0.0025562632089093373,-0.0025562632089093373,4
2021-05-27,-1,0.0030596036864900533,-0.0030596036864900533,4
2021-05-28,-1,0.00711747154023068,-0.00711747154023068,4
2021-06-01,-1,0.0006730761454136758,-0.0006730761454136758,4
2021-06-02,-1,-0.0065579179694496,0.0065579179694496,4
2021-06-03,-1,0.007447505299123192,-0.007447505299123192,4
2021-06-04,-1,0.004872327172328106,-0.004872327172328106,4
2021-06-07,-1,0.00016716805389793699,-0.00016716805389793699,4
2021-06-08,-1,-0.0010030319892530004,0.0010030319892530004,4
2021-06-09,-1,-0.013721548156883867,0.013721548156883867,4
2021-06-10,-1,0.003223658734870627,-0.003223658734870627,4
2021-06-11,-1,0.0021984990879371225,-0.0021984990879371225,4
2021-06-14,-1,0.00033750351552752633,-0.00033750351552752633,4
2021-06-15,-1,-0.009784042312767083,0.009784042312767083,4
2021-06-16,-1,-0.008688281594579794,0.008688281594579794,4
2021-06-17,-1,-0.019762806982672743,0.019762806982672743,4
2021-06-18,-1,0.01437587099689197,-0.01437587099689197,4
2021-06-21,-1,0.0005184718109303432,-0.0005184718109303432,4
2021-06-22,-1,-0.006736904366217322,0.006736904366217322,4
2021-06-23,-1,0.009739154318104681,-0.009739154318104681,4
2021-06-24,-1,0.0013778507486261748,-0.0013778507486261748,4
2021-06-25,-1,-0.007567915915515533,0.007567915915515533,4
2021-06-28,-1,0.0012131662720735736,-0.0012131662720735736,4
2021-06-29,-1,-0.008481940013572276,0.008481940013572276,4
2021-06-30,-1,0.005412035263573811,-0.005412035263573811,4
2021-07-01,-1,0.0029518695692809516,-0.0029518695692809516,4
2021-07-02,-1,-0.00605953054521835,0.00605953054521835,4
2021-07-06,-1,0.005399780075160399,-0.005399780075160399,4
2021-07-07,-1,-0.012474033358905623,0.012474033358905623,4
2021-07-08,-1,0.014561435632538311,-0.014561435632538311,4
2021-07-09,-1,0.005360497125685315,-0.005360497125685315,4
2021-07-12,-1,-0.005503950777151045,0.005503950777151045,4
2021-07-13,-1,0.0006918179823325321,-0.0006918179823325321,4
2021-07-14,-1,-0.009332888175440757,0.009332888175440757,4
2021-07-15,-1,-0.006978393719618725,0.006978393719618725,4
2021-07-16,-1,-0.020555133636382394,0.020555133636382394,4
2021-07-19,-1,0.005381152234269937,-0.005381152234269937,4
2021-07-20,-1,0.019625375625179853,-0.019625375625179853,4
2021-07-21,-1,0.0008748772655395864,-0.0008748772655395864,4
2021-07-22,-1,0.008916054453335542,-0.008916054453335542,4
2021-07-23,-1,0.004678573246353013,-0.004678573246353013,4
2021-07-26,-1,-0.0032769684065032667,0.0032769684065032667,4
2021-07-27,-1,0.005018184996246067,-0.005018184996246067,4
2021-07-28,-1,0.007403520608165737,-0.007403520608165737,4
2021-07-29,-1,-0.004101826536563213,0.004101826536563213,4
2021-07-30,-1,0.004290372370620021,-0.004290372370620021,4
2021-08-02,-1,0.007177002147298994,-0.007177002147298994,4
2021-08-03,-1,-0.0008483074011794711,0.0008483074011794711,4
2021-08-04,-1,0.0049244509854473595,-0.0049244509854473595,4
2021-08-05,-1,-0.004393412215101478,0.004393412215101478,4
2021-08-06,-1,-0.0010182885345941806,0.0010182885345941806,4
2021-08-09,-1,0.001189257460046722,-0.001189257460046722,4
2021-08-10,-1,0.00797558490190342,-0.00797558490190342,4
2021-08-11,-1,0.00016832190700943883,-0.00016832190700943883,4
2021-08-12,-1,0.006564541165630544,-0.006564541165630544,4
2021-08-13,-1,-0.004180602060025906,0.004180602060025906,4
2021-08-16,-1,-0.008732165649467438,0.008732165649467438,4
2021-08-17,-1,-0.0030493022005433357,0.0030493022005433357,4
2021-08-18,-1,-0.01070513627447256,0.01070513627447256,4
2021-08-19,-1,0.004294056935043589,-0.004294056935043589,4
2021-08-20,-1,0.00838032928920196,-0.00838032928920196,4
2021-08-23,-1,0.0010176623850528532,-0.0010176623850528532,4
2021-08-24,-1,0.001863785318508837,-0.001863785318508837,4
2021-08-25,-1,-0.005580954254922776,0.005580954254922776,4
2021-08-26,-1,0.010714304018530685,-0.010714304018530685,4
2021-08-27,-1,0.0005047750150233288,-0.0005047750150233288,4
2021-08-30,-1,-0.0026908821035265262,0.0026908821035265262,4
2021-08-31,-1,0.006576718291164907,-0.006576718291164907,4
2021-09-01,-1,0.005863667228528824,-0.005863667228528824,4
2021-09-02,-1,-0.00433048188317442,0.00433048188317442,4
2021-09-03,-1,-0.0028437298831827107,0.0028437298831827107,4
2021-09-07,-1,-0.010568714337604534,0.010568714337604534,4
2021-09-08,-1,-0.003390992955098815,0.003390992955098815,4
2021-09-09,-1,-0.0022115899305489295,0.0022115899305489295,4
2021-09-10,-1,0.00562656449739074,-0.00562656449739074,4
2021-09-13,-1,-0.0027127814285168306,0.0027127814285168306,4
2021-09-14,-1,0.0001700465195912937,-0.0001700465195912937,4
2021-09-15,-1,-0.0005099879833473375,0.0005099879833473375,4
2021-09-16,-1,-0.014625860910037591,0.014625860910037591,4
2021-09-17,-1,-0.020365901504040274,0.020365901504040274,4
2021-09-20,-1,0.011099384896849696,-0.011099384896849696,4
2021-09-21,-1,0.009235037200444163,-0.009235037200444163,4
2021-09-22,-1,0.012430960695181126,-0.012430960695181126,4
2021-09-23,-1,-0.011596185406779203,0.011596185406779203,4
2021-09-24,-1,-0.0027605219106183743,0.0027605219106183743,4
2021-09-27,-1,-0.023875451320601315,0.023875451320601315,4
2021-09-28,-1,-0.0028358711911511403,0.0028358711911511403,4
2021-09-29,-1,-0.003554869431370733,0.003554869431370733,4
2021-09-30,-1,0.006421633728782128,-0.006421633728782128,5
2021-10-01,-1,-0.0056717423823021695,0.0056717423823021695,5
2021-10-04,-1,0.005169356923621304,-0.005169356923621304,5
2021-10-05,-1,-0.006916109130514214,0.006916109130514214,5
2021-10-06,-1,0.007499967302594834,-0.007499967302594834,5
2021-10-07,-1,0.0010634770513699987,-0.0010634770513699987,5
2021-10-08,-1,-0.006728064291697922,0.006728064291697922,5
2021-10-11,-1,0.0037433672884463753,-0.0037433672884463753,5
2021-10-12,-1,0.014917423763131321,-0.014917423763131321,5
2021-10-13,-1,0.010323711930623869,-0.010323711930623869,5
2021-10-14,-1,0.008139892489492873,-0.008139892489492873,5
2021-10-15,-1,-0.0041229662866212324,0.0041229662866212324,5
2021-10-18,-1,0.005520091221076884,-0.005520091221076884,5
2021-10-19,-1,0.003774187726033329,-0.003774187726033329,5
2021-10-20,-1,0.00034182974427321433,-0.00034182974427321433,5
2021-10-21,-1,0.0052964527551069285,-0.0052964527551069285,5
2021-10-22,-1,-0.004248810322088459,0.004248810322088459,5
2021-10-25,-1,0.004608302731873959,-0.004608302731873959,5
2021-10-26,-1,-0.003228040085559103,0.003228040085559103,5
2021-10-27,-1,0.010397147253951022,-0.010397147253951022,5
2021-10-28,-1,-0.006747599855237096,0.006747599855237096,5
2021-10-29,-1,0.009510827928585153,-0.009510827928585153,5
2021-11-01,-1,-0.002355306071382235,0.002355306071382235,5
2021-11-02,-1,0.00910625501643958,-0.00910625501643958,5
2021-11-03,-1,-0.0025067099848999908,0.0025067099848999908,5
2021-11-04,-1,0.0013402887065721014,-0.0013402887065721014,5
2021-11-05,-1,0.001003871052894123,-0.001003871052894123,5
2021-11-08,-1,0.0005014002737553369,-0.0005014002737553369,5
2021-11-09,-1,-0.01119281618461454,0.01119281618461454,5
2021-11-10,-1,0.003716864771202255,-0.003716864771202255,5
2021-11-11,-1,0.0023564953712844616,-0.0023564953712844616,5
2021-11-12,-1,-0.0026868152722415717,0.0026868152722415717,5
2021-11-15,-1,-0.002862403951715553,0.002862403951715553,5
2021-11-16,-1,0.0016885929088115148,-0.0016885929088115148,5
2021-11-17,-1,0.0008428731847229809,-0.0008428731847229809,5
2021-11-18,-1,-0.012969521165851705,0.012969521165851705,5
2021-11-19,-1,-0.008532423430365976,0.008532423430365976,5
2021-11-22,-1,-0.003442288356191092,0.003442288356191092,5
2021-11-23,-1,-0.006217626957931155,0.006217626957931155,5
2021-11-24,-1,-0.02346197892489188,0.02346197892489188,5
2021-11-26,-1,0.0058729638569137155,-0.0058729638569137155,5
2021-11-29,-1,-0.0070771677749333906,0.0070771677749333906,5
2021-11-30,-1,-0.005345674318787297,0.005345674318787297,5
2021-12-01,-1,0.011465413707405947,-0.011465413707405947,5
2021-12-02,-1,-0.006907534466391696,0.006907534466391696,5
2021-12-03,-1,0.010344245304289235,-0.010344245304289235,5
2021-12-06,-1,0.01994699422738333,-0.01994699422738333,5
2021-12-07,-1,0.0022499319982993704,-0.0022499319982993704,5
2021-12-08,-1,-0.009324830201177692,0.009324830201177692,5
2021-12-09,-1,0.0033118780711820506,-0.0033118780711820506,5
2021-12-10,-1,-0.022585181041379188,0.022585181041379188,5
2021-12-13,-1,-0.0074653071716243025,0.0074653071716243025,5
2021-12-14,-1,0.012894004633518197,-0.012894004633518197,5
2021-12-15,-1,0.0019447806397374645,-0.0019447806397374645,5
2021-12-16,-1,-0.013940305741230619,0.013940305741230619,5
2021-12-17,-1,0.0,-0.0,5
2021-12-20,-1,0.012884706375152266,-0.012884706375152266,5
2021-12-21,-1,0.01325088374945671,-0.01325088374945671,5
2021-12-22,-1,0.005754173318829325,-0.005754173318829325,5
2021-12-23,-1,0.011269097129678496,-0.011269097129678496,5
2021-12-27,-1,0.0013714728929570263,-0.0013714728929570263,5
2021-12-28,-1,0.0017120094912228545,-0.0017120094912228545,5
2021-12-29,-1,-0.005298198042840485,0.005298198042840485,5
2021-12-30,-1,-0.0006873009450683032,0.0006873009450683032,5
2021-12-31,-1,0.008940860714029109,-0.008940860714029109,5
2022-01-03,-1,0.002215423780489889,-0.002215423780489889,5
2022-01-04,-1,-0.008331944686696291,0.008331944686696291,5
2022-01-05,-1,-0.0041151897295163,0.0041151897295163,5
2022-01-06,-1,0.0053374233612368815,-0.0053374233612368815,5
2022-01-07,-1,-0.012844665316659731,0.012844665316659731,5
2022-01-10,-1,0.01110338994492377,-0.01110338994492377,5
2022-01-11,-1,0.008579272657391002,-0.008579272657391002,5
2022-01-12,-1,-0.005954380425138184,0.005954380425138184,5
2022-01-13,-1,-0.002909498250122655,0.002909498250122655,5
2022-01-14,-1,-0.014761359773957206,0.014761359773957206,5
2022-01-18,-1,0.002439013692104419,-0.002439013692104419,5
2022-01-19,-1,-0.0067778829239328875,0.0067778829239328875,5
2022-01-20,-1,-0.015398093519153222,0.015398093519153222,5
2022-01-21,-1,-0.014928028181169006,0.014928028181169006,5
2022-01-24,-1,-0.006314242687969318,0.006314242687969318,5
2022-01-25,-1,0.001997036891750348,-0.001997036891750348,5
2022-01-26,-1,-0.001449502053778029,0.001449502053778029,5
2022-01-27,-1,0.003266200384363094,-0.003266200384363094,5
2022-01-28,-1,0.0153734574072395,-0.0153734574072395,5
2022-01-31,-1,0.012112581271263245,-0.012112581271263245,5
2022-02-01,-1,0.005983811235726888,-0.005983811235726888,5
2022-02-02,-1,-0.013995787949547478,0.013995787949547478,5
2022-02-03,-1,-0.0031937598159414993,0.0031937598159414993,5
2022-02-04,-1,0.0014239589875910674,-0.0014239589875910674,5
2022-02-07,-1,0.0028439362279695235,-0.0028439362279695235,5
2022-02-08,-1,0.016838014777929455,-0.016838014777929455,5
2022-02-09,-1,-0.011852890323096332,0.011852890323096332,5
2022-02-10,-1,-0.018698140488123793,0.018698140488123793,5
2022-02-11,-1,-0.01024626431565756,0.01024626431565756,5
2022-02-14,-1,0.022157598539357615,-0.022157598539357615,5
2022-02-15,-1,0.004264422240092269,-0.004264422240092269,5
2022-02-16,-1,-0.017338986806425538,0.017338986806425538,5
2022-02-17,-1,-0.00648182579073231,0.00648182579073231,5
2022-02-18,-1,-0.015404104193913248,0.015404104193913248,5
2022-02-22,-1,-0.008098701022953958,0.008098701022953958,5
2022-02-23,-1,-0.018741850676792016,0.018741850676792016,5
2022-02-24,-1,0.029311633996829567,-0.029311633996829567,5
2022-02-25,-1,-0.022597823541062323,0.022597823541062323,5
2022-02-28,-1,-0.026879704599026222,0.026879704599026222,5
2022-03-01,-1,0.013521359025494784,-0.013521359025494784,5
2022-03-02,-1,-0.026300763026678275,0.026300763026678275,5
2022-03-03,-1,-0.04227832924174879,0.04227832924174879,5
2022-03-04,-1,-0.03351725688575069,0.03351725688575069,5
2022-03-07,-1,0.02368363100447768,-0.02368363100447768,5
2022-03-08,-1,0.05205537008276573,-0.05205537008276573,5
2022-03-09,-1,-0.018849383049681534,0.018849383049681534,5
2022-03-10,-1,-0.009205581107317173,0.009205581107317173,5
2022-03-11,-1,0.01878409082416188,-0.01878409082416188,5
2022-03-14,-1,0.0065424631252852805,-0.0065424631252852805,5
2022-03-15,-1,0.03919633338244788,-0.03919633338244788,5
2022-03-16,-1,0.00625477334255331,-0.00625477334255331,5
2022-03-17,-1,0.009041242057953314,-0.009041242057953314,5
2022-03-18,-1,-0.010080285954892743,0.010080285954892743,5
2022-03-21,-1,0.012634395607494353,-0.012634395607494353,5
2022-03-22,-1,-0.017504700708588894,0.017504700708588894,5
2022-03-23,-1,0.005686183876078221,-0.005686183876078221,6
2022-03-24,-1,0.0013192554280530011,-0.0013192554280530011,6
2022-03-25,-1,0.0011292595028715713,-0.0011292595028715713,6
2022-03-28,-1,0.024816689770722933,-0.024816689770722933,6
2022-03-29,-1,-0.0009172489194665401,0.0009172489194665401,6
2022-03-30,-1,-0.01946378215962863,0.01946378215962863,6
2022-03-31,-1,0.010861385763750286,-0.010861385763750286,6
2022-04-01,-1,0.0009262548626260969,-0.0009262548626260969,6
2022-04-04,-1,-0.009439169591997532,0.009439169591997532,6
2022-04-05,-1,-0.012145020932723405,0.012145020932723405,6
2022-04-06,-1,0.00510687465894466,-0.00510687465894466,6
2022-04-07,-1,0.0005645235160225415,-0.0005645235160225415,6
2022-04-08,-1,-0.007711112686318966,0.007711112686318966,6
2022-04-11,-1,-0.0081500474631937,0.0081500474631937,6
2022-04-12,-1,0.010510208633972562,-0.010510208633972562,6
2022-04-13,-1,-0.004349461754739048,0.004349461754739048,6
2022-04-14,-1,-0.0036087832079712,0.0036087832079712,6
2022-04-18,-1,0.0032406021084527836,-0.0032406021084527836,6
2022-04-19,-1,0.008170250740053397,-0.008170250740053397,6
2022-04-20,-1,-0.009046353746947844,0.009046353746947844,6
2022-04-21,-1,-0.016356039946800238,0.016356039946800238,6
2022-04-22,-1,-0.007540591269211361,0.007540591269211361,6
2022-04-25,-1,-0.03331390684142488,0.03331390684142488,6
2022-04-26,-1,0.00483679330175435,-0.00483679330175435,6
2022-04-27,-1,0.012835928235339189,-0.012835928235339189,6
2022-04-28,-1,-0.010495025332611374,0.010495025332611374,6
2022-04-29,-1,-0.006003663086434297,0.006003663086434297,6
2022-05-02,-1,0.00785188682752036,-0.00785188682752036,6
2022-05-03,-1,0.016979593503858803,-0.016979593503858803,6
2022-05-04,-1,-0.033588668033743496,0.033588668033743496,6
2022-05-05,-1,-0.015650415565515274,0.015650415565515274,6
2022-05-06,-1,-0.030559560869508395,0.030559560869508395,6
2022-05-09,-1,0.010010594214449053,-0.010010594214449053,6
2022-05-10,-1,-0.005061110776817812,0.005061110776817812,6
2022-05-11,-1,-0.00381518236565237,0.00381518236565237,6
2022-05-12,1,0.028297911299035805,0.028297911299035805,6
2022-05-13,-1,0.003931277043463632,-0.003931277043463632,6
2022-05-16,-1,0.02370151896809447,-0.02370151896809447,6
2022-05-17,-1,-0.02939398305404961,0.02939398305404961,6
2022-05-18,-1,0.012445598427974325,-0.012445598427974325,6
2022-05-19,-1,0.004302378171773036,-0.004302378171773036,6
2022-05-20,-1,0.021623854822366395,-0.021623854822366395,6
2022-05-23,-1,-0.00019972316023886272,0.00019972316023886272,6
2022-05-24,-1,-0.0027960733074042787,0.0027960733074042787,6
2022-05-25,-1,0.01361907272220253,-0.01361907272220253,6
2022-05-26,-1,0.011855334259734729,-0.011855334259734729,6
2022-05-27,-1,-0.002929070764758568,0.002929070764758568,6
2022-05-31,-1,-0.014884491104381725,0.014884491104381725,6
2022-06-01,-1,0.022862853743973677,-0.022862853743973677,6
2022-06-02,-1,-0.01321672099304616,0.01321672099304616,6
2022-06-03,-1,0.004727158983762303,-0.004727158983762303,6
2022-06-06,-1,0.002156451950031224,-0.002156451950031224,6
2022-06-07,-1,-0.013888871269709946,0.013888871269709946,6
2022-06-08,-1,-0.04721287592381174,0.04721287592381174,6
2022-06-09,-1,-0.02727456989148247,0.02727456989148247,6
2022-06-10,1,-0.03424662343778684,-0.03424662343778684,6
2022-06-13,1,-0.013741111404296458,-0.013741111404296458,6
2022-06-14,1,0.023146039984199396,0.023146039984199396,6
2022-06-15,1,-0.02415986170905149,-0.02415986170905149,6
2022-06-16,1,-0.0006751919669327755,-0.0006751919669327755,6
2022-06-17,1,0.015540509076487519,0.015540509076487519,6
2022-06-21,1,-0.00576620804287753,-0.00576620804287753,6
2022-06-22,1,-0.005576622569460121,-0.005576622569460121,6
2022-06-23,1,0.03297436845284851,0.03297436845284851,6
2022-06-24,1,-0.0019544007400430496,-0.0019544007400430496,6
2022-06-27,1,-0.009791139510520241,-0.009791139510520241,6
2022-06-28,1,-0.00615246736153785,-0.00615246736153785,6
2022-06-29,1,-0.0059694994582421,-0.0059694994582421,6
2022-06-30,1,0.00022246744737874913,0.00022246744737874913,6
2022-07-01,1,-0.02801872586230647,-0.02801872586230647,6
2022-07-05,1,0.002059028928688811,0.002059028928688811,6
2022-07-06,1,0.014840217744317208,0.014840217744317208,6
2022-07-07,1,0.0011248422092768884,0.0011248422092768884,6
2022-07-08,1,-0.0159550356061271,-0.0159550356061271,6
2022-07-11,1,0.0,0.0,6
2022-07-12,1,-0.0013702071714216668,-0.0013702071714216668,6
2022-07-13,1,-0.016007335245072696,-0.016007335245072696,6
2022-07-14,1,0.019986070991137028,0.019986070991137028,6
2022-07-15,1,0.006151753509191282,0.006151753509191282,6
2022-07-18,1,0.03215584213200118,0.03215584213200118,6
2022-07-19,1,-0.010969723122286945,-0.010969723122286945,6
2022-07-20,1,0.012422305586686555,0.012422305586686555,6
2022-07-21,1,-0.0035056934608197476,-0.0035056934608197476,6
2022-07-22,1,0.009014948362771058,0.009014948362771058,6
2022-07-25,1,-0.015035925820139129,-0.015035925820139129,6
2022-07-26,1,0.023451273024377217,0.023451273024377217,6
2022-07-27,1,0.006052801646207584,0.006052801646207584,6
2022-07-28,1,0.015900254602759123,0.015900254602759123,6
2022-07-29,1,-0.0025380485402489716,-0.0025380485402489716,6
2022-08-01,1,-0.0154792100211677,-0.0154792100211677,6
2022-08-02,1,0.009476601848308341,0.009476601848308341,6
2022-08-03,1,0.008320874728741101,0.008320874728741101,6
2022-08-04,1,-0.009733370732327495,-0.009733370732327495,6
2022-08-05,1,0.0021368010779616586,0.0021368010779616586,6
2022-08-08,1,-0.004477673610608357,-0.004477673610608357,6
2022-08-09,1,0.022702964327881547,0.022702964327881547,6
2022-08-10,1,-0.0010471044410585995,-0.0010471044410585995,6
2022-08-11,1,0.005869995279212281,0.005869995279212281,6
2022-08-12,1,-0.00979577376380314,-0.00979577376380314,6
2022-08-15,1,0.0012629209726537916,0.0012629209726537916,6
2022-08-16,1,-0.009880202306460473,-0.009880202306460473,6
2022-08-17,1,-0.004883217615446411,-0.004883217615446411,6
2022-08-18,1,-0.014081499092229,-0.014081499092229,6
2022-08-19,1,-0.02228952174212384,-0.02228952174212384,6
2022-08-22,1,0.0,0.0,6
2022-08-23,1,0.002213334958956148,0.002213334958956148,6
2022-08-24,1,0.009496473426858554,0.009496473426858554,6
2022-08-25,1,-0.029971537066824094,-0.029971537066824094,6
2022-08-26,1,0.0015787030803637858,0.0015787030803637858,6
2022-08-29,1,-0.007655936810540331,-0.007655936810540331,6
2022-08-30,1,-0.007715002381264435,-0.007715002381264435,6
2022-08-31,1,-0.016464697650127258,-0.016464697650127258,6
2022-09-01,1,-0.005812601947367102,-0.005812601947367102,6
2022-09-02,1,0.003274162999094443,0.003274162999094443,6
2022-09-06,1,0.013985977920283998,0.013985977920283998,6
2022-09-07,1,-0.002528749663254337,-0.002528749663254337,6
2022-09-08,1,0.027886589110239113,0.027886589110239113,6
2022-09-09,1,0.018609907162581818,0.018609907162581818,6
2022-09-12,1,-0.03543915033097933,-0.03543915033097933,6
2022-09-13,1,0.0013692691398650148,0.0013692691398650148,6
2022-09-14,1,-0.010027402705009791,-0.010027402705009791,7
2022-09-15,1,-0.008747635023734324,-0.008747635023734324,7
2022-09-16,1,0.0025545005143108312,0.0025545005143108312,7
2022-09-19,1,-0.02200595294269847,-0.02200595294269847,7
2022-09-20,1,-0.012316448193485208,-0.012316448193485208,7
2022-09-21,1,-0.006235063104879979,-0.006235063104879979,7
2022-09-22,1,-0.039333911858949744,-0.039333911858949744,7
2022-09-23,1,-0.017081142469691057,-0.017081142469691057,7
2022-09-26,1,-0.004855671766415326,-0.004855671766415326,7
2022-09-27,1,0.02722140243127691,0.02722140243127691,7
2022-09-28,1,-0.012749958038330123,-0.012749958038330123,7
2022-09-29,1,0.0012661239537958835,0.0012661239537958835,7
2022-09-30,1,0.0222558733698055,0.0222558733698055,7
2022-10-03,1,0.046016840539607085,0.046016840539607085,7
2022-10-04,1,-0.015137166701192584,-0.015137166701192584,7
2022-10-05,1,-0.02137366481013181,-0.02137366481013181,7
2022-10-06,1,-0.01889571675493673,-0.01889571675493673,7
2022-10-07,1,-0.004752341893057399,-0.004752341893057399,7
2022-10-10,1,-0.012314693822376377,-0.012314693822376377,7
2022-10-11,1,-0.0020355729748203766,-0.0020355729748203766,7
2022-10-12,1,0.028046875060790066,0.028046875060790066,7
2022-10-13,1,-0.013888923053808955,-0.013888923053808955,7
2022-10-14,1,0.031187166267943267,0.031187166267943267,7
2022-10-17,1,0.011951260450409729,0.011951260450409729,7
2022-10-18,1,-0.017112626426776245,-0.017112626426776245,7
2022-10-19,1,-0.0017165202775767385,-0.0017165202775767385,7
2022-10-20,1,0.018177393640596895,0.018177393640596895,7
2022-10-21,1,0.00627257700235484,0.00627257700235484,7
2022-10-24,1,0.024694380642592106,0.024694380642592106,7
2022-10-25,1,0.012166509654780722,0.012166509654780722,7
2022-10-26,1,-0.00785945829356749,-0.00785945829356749,7
2022-10-27,1,0.009785694351368113,0.009785694351368113,7
2022-10-28,1,-0.010383035564262344,-0.010383035564262344,7
2022-10-31,1,0.00489622493497488,0.00489622493497488,7
2022-11-01,1,-0.017633372353586863,-0.017633372353586863,7
2022-11-02,1,-0.010628265501126832,-0.010628265501126832,7
2022-11-03,1,0.04487947232054168,0.04487947232054168,7
2022-11-04,1,0.006397047666633293,0.006397047666633293,7
2022-11-07,1,0.010669721426639578,0.010669721426639578,7
2022-11-08,1,-0.013027893645350175,-0.013027893645350175,7
2022-11-09,1,0.0566682238572771,0.0566682238572771,7
2022-11-10,1,0.020676267029135387,0.020676267029135387,7
2022-11-11,1,-0.010550749239072954,-0.010550749239072954,7
2022-11-14,1,0.0029856982612659344,0.0029856982612659344,7
2022-11-15,1,-0.0012757295375512845,-0.0012757295375512845,7
2022-11-16,1,-0.000638760766753288,-0.000638760766753288,7
2022-11-17,1,0.0031956014117469067,0.0031956014117469067,7
2022-11-18,1,-0.006583167812412527,-0.006583167812412527,7
2022-11-21,1,0.014322402760281738,0.014322402760281738,7
2022-11-22,1,0.01180184509145743,0.01180184509145743,7
2022-11-23,1,0.005623838100460299,0.005623838100460299,7
2022-11-25,1,-0.01553438315996003,-0.01553438315996003,7
2022-11-28,1,0.0027351372071118263,0.0027351372071118263,7
2022-11-29,1,0.018883792042810432,0.018883792042810432,7
2022-11-30,1,0.009884669041635208,0.009884669041635208,7
2022-12-01,-1,0.0022430792882945916,-0.0022430792882945916,7
2022-12-02,-1,-0.01078336882075337,0.01078336882075337,7
2022-12-05,1,-0.006993010285010981,-0.006993010285010981,7
2022-12-06,1,-0.00020709034353771916,-0.00020709034353771916,7
2022-12-07,1,0.0035218182584038082,0.0035218182584038082,7
2022-12-08,1,-0.0006192976909031866,-0.0006192976909031866,7
2022-12-09,1,0.004337927806952413,0.004337927806952413,7
2022-12-12,1,0.008638461391802688,0.008638461391802688,7
2022-12-13,-1,0.0008156793389186845,-0.0008156793389186845,7
2022-12-14,-1,-0.027098650803495827,0.027098650803495827,7
2022-12-15,1,-0.011937166383753306,-0.011937166383753306,7
2022-12-16,1,-0.002119509823532706,-0.002119509823532706,7
2022-12-19,1,0.0014868243861887454,0.0014868243861887454,7
2022-12-20,1,0.01463411674186843,0.01463411674186843,7
2022-12-21,1,-0.009406370432779143,-0.009406370432779143,7
2022-12-22,1,0.004431295361411847,0.004431295361411847,7
2022-12-23,1,0.0012605330927402125,0.0012605330927402125,7
2022-12-27,1,-0.00860259858843393,-0.00860259858843393,7
2022-12-28,1,0.015661411184482388,0.015661411184482388,7
2022-12-29,1,-0.01021049513083605,-0.01021049513083605,7
2022-12-30,1,0.010947378058182577,0.010947378058182577,7
2023-01-03,1,0.018950433959543656,0.018950433959543656,7
2023-01-04,-1,-0.007766218388415513,0.007766218388415513,7
2023-01-05,1,0.02595267056706052,0.02595267056706052,7
2023-01-06,-1,0.005822065706377888,-0.005822065706377888,7
2023-01-09,-1,0.0045908855077589905,-0.0045908855077589905,7
2023-01-10,-1,0.007550114039207134,-0.007550114039207134,7
2023-01-11,-1,0.012423606379202923,-0.012423606379202923,7
2023-01-12,-1,0.005259066165975934,-0.005259066165975934,7
2023-01-13,-1,0.0023251100652128542,-0.0023251100652128542,7
2023-01-17,-1,-0.0028996271507633065,0.0028996271507633065,7
2023-01-18,-1,-0.004071401545462594,0.004071401545462594,7
2023-01-19,-1,0.007202701076023832,-0.007202701076023832,7
2023-01-20,-1,0.005025093024714877,-0.005025093024714877,7
2023-01-23,-1,-0.0026922959547776015,0.0026922959547776015,7
2023-01-24,-1,0.00385655149605868,-0.00385655149605868,7
2023-01-25,-1,0.0013445964843967761,-0.0013445964843967761,7
2023-01-26,-1,-0.0032611160590702015,0.0032611160590702015,7
2023-01-27,-1,-0.005773657473950866,0.005773657473950866,7
2023-01-30,-1,0.006194341768668288,-0.006194341768668288,7
2023-01-31,-1,0.011158173069690136,-0.011158173069690136,7
2023-02-01,-1,0.0019025584381340277,-0.0019025584381340277,7
2023-02-02,-1,-0.010064541983148545,0.010064541983148545,7
2023-02-03,-1,-0.009975070920950402,0.009975070920950402,7
2023-02-06,-1,0.0060065404946261225,-0.0060065404946261225,7
2023-02-07,-1,-0.002696444425766109,0.002696444425766109,7
2023-02-08,-1,0.0025106425488603534,-0.0025106425488603534,7
2023-02-09,-1,-0.008090891353879526,0.008090891353879526,7
2023-02-10,-1,0.014371680707848888,-0.014371680707848888,7
2023-02-13,-1,0.004786521198374416,-0.004786521198374416,7
2023-02-14,-1,-0.0005716230861002591,0.0005716230861002591,7
2023-02-15,-1,-0.006291741205995627,0.006291741205995627,7
2023-02-16,-1,0.004988529193376667,-0.004988529193376667,7
2023-02-17,-1,-0.00992746176326842,0.00992746176326842,7
2023-02-21,-1,-0.00636332100213699,0.00636332100213699,7
2023-02-22,-1,0.005627807537303076,-0.005627807537303076,7
2023-02-23,-1,-0.016402903881259423,0.016402903881259423,7
2023-02-24,-1,0.014714537611102863,-0.014714537611102863,7
2023-02-27,-1,-0.00966743983369922,0.00966743983369922,7
2023-02-28,-1,0.00605227550186882,-0.00605227550186882,7
2023-03-01,-1,0.0001941031722765274,-0.0001941031722765274,7
2023-03-02,-1,0.013387633186888737,-0.013387633186888737,7
2023-03-03,-1,-0.0017231505528755298,0.0017231505528755298,7
2023-03-06,-1,-0.02052166680762657,0.02052166680762657,7
2023-03-07,-1,0.0005874051199556973,-0.0005874051199556973,7
2023-03-08,-1,-0.009784736104311631,0.009784736104311631,8
2023-03-09,-1,-0.006916966100307231,0.006916966100307231,8
2023-03-10,-1,-0.008358172516324647,0.008358172516324647,8
2023-03-13,-1,0.01926548362826619,-0.01926548362826619,8
2023-03-14,-1,-0.03701518082746258,0.03701518082746258,8
2023-03-15,-1,0.015129864665210269,-0.015129864665210269,8
2023-03-16,-1,-0.015105739717028555,0.015105739717028555,8
2023-03-17,-1,0.019427339848638425,-0.019427339848638425,8
2023-03-20,-1,0.018054193649496897,-0.018054193649496897,8
2023-03-21,-1,-0.006108401444157918,0.006108401444157918,8
2023-03-22,-1,0.0,-0.0,8
2023-03-23,-1,-0.006938907288862706,0.006938907288862706,8
2023-03-24,-1,0.011379510742420607,-0.011379510742420607,8
2023-03-27,-1,0.0,-0.0,8
2023-03-28,-1,0.014804579594532186,-0.014804579594532186,8
2023-03-29,-1,0.01536667803680447,-0.01536667803680447,8
2023-03-30,-1,0.0034482816579493036,-0.0034482816579493036,8
2023-03-31,-1,0.0068728637459058994,-0.0068728637459058994,8
2023-04-03,-1,0.0009480325269113354,-0.0009480325269113354,8
2023-04-04,-1,-0.006630086810917479,0.006630086810917479,8
2023-04-05,-1,0.008581250471472401,-0.008581250471472401,8
2023-04-06,-1,-0.0003781519756944629,0.0003781519756944629,8
2023-04-10,-1,0.00472857963023765,-0.00472857963023765,8
2023-04-11,-1,0.007906664007677033,-0.007906664007677033,8
2023-04-12,-1,0.013261095859763872,-0.013261095859763872,8
2023-04-13,-1,-0.001106016097530249,0.001106016097530249,8
2023-04-14,-1,-0.0036906616222649458,0.0036906616222649458,8
2023-04-17,-1,0.00685310095169589,-0.00685310095169589,8
2023-04-18,-1,-0.0029433378516490194,0.0029433378516490194,8
2023-04-19,-1,-0.00018454125626710116,0.00018454125626710116,8
2023-04-20,-1,0.006643303551850055,-0.006643303551850055,8
2023-04-21,-1,0.004582951484812359,-0.004582951484812359,8
2023-04-24,-1,-0.017153259850289815,0.017153259850289815,8
2023-04-25,-1,0.001856637077383816,-0.001856637077383816,8
2023-04-26,-1,0.01093402821716638,-0.01093402821716638,8
2023-04-27,-1,0.0001833572203548961,-0.0001833572203548961,8
2023-04-28,-1,-0.00036657729582578735,0.00036657729582578735,8
2023-05-01,-1,-0.012101207120152613,0.012101207120152613,8
2023-05-02,-1,0.002783921830142644,-0.002783921830142644,8
2023-05-03,-1,-0.004256885941749444,0.004256885941749444,8
2023-05-04,-1,0.014869874505675895,-0.014869874505675895,8
2023-05-05,-1,0.0014652350419497306,-0.0014652350419497306,8
2023-05-08,-1,-0.008961259614704398,0.008961259614704398,8
2023-05-09,-1,-0.0014762505699343897,0.0014762505699343897,8
2023-05-10,-1,-0.004250592120531693,0.004250592120531693,8
2023-05-11,-1,-0.0029695590987430798,0.0029695590987430798,8
2023-05-12,-1,0.007073664273699265,-0.007073664273699265,8
2023-05-15,-1,-0.009981462404077268,0.009981462404077268,8
2023-05-16,-1,0.003920819251087115,-0.003920819251087115,8
2023-05-17,-1,-0.0016737986204516941,0.0016737986204516941,8
2023-05-18,-1,0.007079006444763225,-0.007079006444763225,8
2023-05-19,-1,-0.0018498388138733501,0.0018498388138733501,8
2023-05-22,-1,-0.013899184816995591,0.013899184816995591,8
2023-05-23,-1,-0.015786509435084972,0.015786509435084972,8
2023-05-24,-1,-0.0034370881964289612,0.0034370881964289612,8
2023-05-25,-1,0.010346827548123105,-0.010346827548123105,8
2023-05-26,-1,-0.00986156765177204,0.00986156765177204,8
2023-05-30,-1,-0.011492022306882843,0.011492022306882843,8
2023-05-31,-1,0.011819426528532295,-0.011819426528532295,8
2023-06-01,-1,0.011489821143152668,-0.011489821143152668,8
2023-06-02,-1,-0.007194264867677935,0.007194264867677935,8
2023-06-05,-1,0.004958088158645513,-0.004958088158645513,8
2023-06-06,-1,-0.026185978143015487,0.026185978143015487,8
2023-06-07,-1,0.010327334030563629,-0.010327334030563629,8
2023-06-08,-1,-0.004628695676612504,0.004628695676612504,8
2023-06-09,-1,0.0036814304294132683,-0.0036814304294132683,8
2023-06-12,-1,0.0073359280639402336,-0.0073359280639402336,8
2023-06-13,-1,0.003641215515480578,-0.003641215515480578,8
2023-06-14,-1,0.012984539221782887,-0.012984539221782887,8
2023-06-15,-1,-0.000377011461853094,0.000377011461853094,8
2023-06-16,-1,-0.0145200919383065,0.0145200919383065,8
2023-06-20,-1,-0.0013394507667899846,0.0013394507667899846,8
2023-06-21,-1,-0.004215317336553337,0.004215317336553337,8
2023-06-22,-1,-0.012314784964705394,0.012314784964705394,8
2023-06-23,-1,0.001363718923186763,-0.001363718923186763,8
2023-06-26,-1,0.010116665907190736,-0.010116665907190736,8
2023-06-27,-1,-0.00038514337002359955,0.00038514337002359955,8
2023-06-28,-1,-0.0017341069352958538,0.0017341069352958538,8
2023-06-29,-1,0.01582705410324392,-0.01582705410324392,8
2023-06-30,-1,-0.002850114437291551,0.002850114437291551,8
2023-07-03,-1,-0.01238562722658787,0.01238562722658787,8
2023-07-05,-1,-0.018329167072694275,0.018329167072694275,8
2023-07-06,-1,0.006092719184080719,-0.006092719184080719,8
2023-07-07,-1,0.005469869144478556,-0.005469869144478556,8
2023-07-10,-1,0.010102981259586752,-0.010102981259586752,8
2023-07-11,-1,0.024043084432477047,-0.024043084432477047,8
2023-07-12,-1,0.01577761318755999,-0.01577761318755999,8
2023-07-13,-1,-0.004437900708963771,0.004437900708963771,8
2023-07-14,-1,-0.0011144385795127665,0.0011144385795127665,8
2023-07-17,-1,0.004462656822506128,-0.004462656822506128,8
2023-07-18,-1,0.0005553272684684085,-0.0005553272684684085,8
2023-07-19,-1,-0.0037002916884838477,0.0037002916884838477,8
2023-07-20,-1,0.0029712135923085636,-0.0029712135923085636,8
2023-07-21,-1,-0.0033326512881366455,0.0033326512881366455,8
2023-07-24,-1,0.0011145747083949331,-0.0011145747083949331,8
2023-07-25,-1,0.0009278017744820399,-0.0009278017744820399,8
2023-07-26,-1,-0.005561721258776631,0.005561721258776631,8
2023-07-27,-1,0.008016411447960614,-0.008016411447960614,8
2023-07-28,-1,-0.00036989935040787625,0.00036989935040787625,8
2023-07-31,-1,-0.009990766385748251,0.009990766385748251,8
2023-08-01,-1,-0.018501175384472823,0.018501175384472823,8
2023-08-02,-1,-0.0028560838646514153,0.0028560838646514153,8
2023-08-03,-1,0.0017185440982145916,-0.0017185440982145916,8
2023-08-04,-1,0.008768568290135725,-0.008768568290135725,8
2023-08-07,-1,-0.0047241120304253315,0.0047241120304253315,8
2023-08-08,-1,0.0032276815939364933,-0.0032276815939364933,8
2023-08-09,-1,0.0035957347872883627,-0.0035957347872883627,8
2023-08-10,-1,-0.008297164564159187,0.008297164564159187,8
2023-08-11,-1,-0.0015212365625131286,0.0015212365625131286,8
2023-08-14,-1,-0.012378551360857526,0.012378551360857526,8
2023-08-15,-1,-0.0065561154760191975,0.0065561154760191975,8
2023-08-16,-1,-0.008152212342989018,0.008152212342989018,8
2023-08-17,-1,-0.0011741205554856027,0.0011741205554856027,8
2023-08-18,-1,0.005094010910452473,-0.005094010910452473,8
2023-08-21,-1,-0.0031189054540281536,0.0031189054540281536,8
2023-08-22,-1,0.008408297033785761,-0.008408297033785761,8
2023-08-23,-1,-0.013767676724340094,0.013767676724340094,8
2023-08-24,-1,0.007274851109802416,-0.007274851109802416,8
2023-08-25,-1,0.009759906392108775,-0.009759906392108775,8
2023-08-28,-1,0.0139184462995261,-0.0139184462995261,8
2023-08-29,-1,-0.0003813242606814926,0.0003813242606814926,9
2023-08-30,-1,-0.009155055110479204,0.009155055110479204,9
2023-08-31,-1,-0.003849870259908239,0.003849870259908239,9
2023-09-01,-1,-0.011400969132133176,0.011400969132133176,9
2023-09-05,-1,-0.0035183797050947208,0.0035183797050947208,9
2023-09-06,-1,-0.0035308024086319056,0.0035308024086319056,9
2023-09-07,-1,0.000787419608820894,-0.000787419608820894,9
2023-09-08,-1,0.010818238304677763,-0.010818238304677763,9
2023-09-11,-1,-0.006421444255239495,0.006421444255239495,9
2023-09-12,-1,-0.004112865129685894,0.004112865129685894,9
2023-09-13,-1,0.012782724589651906,-0.012782724589651906,9
2023-09-14,-1,-0.001359217375227595,0.001359217375227595,9
2023-09-15,-1,-0.00758311077842222,0.00758311077842222,9
2023-09-18,-1,0.0005877503675308926,-0.0005877503675308926,9
2023-09-19,-1,0.0011748849353743207,-0.0011748849353743207,9
2023-09-20,-1,-0.013690607242642372,0.013690607242642372,9
2023-09-21,-1,-0.00297445022746734,0.00297445022746734,9
2023-09-22,-1,-0.006563206530810439,0.006563206530810439,9
2023-09-25,-1,-0.012612633803654849,0.012612633803654849,9
2023-09-26,-1,-0.004257889005921722,0.004257889005921722,9
2023-09-27,-1,0.009570377007978692,-0.009570377007978692,9
2023-09-28,-1,0.0016135137838440006,-0.0016135137838440006,9
2023-09-29,-1,-0.01691502527525013,0.01691502527525013,9
2023-10-02,-1,-0.011675536632267725,0.011675536632267725,9
2023-10-03,-1,0.005388566249392879,-0.005388566249392879,9
2023-10-04,-1,0.006184355022429422,-0.006184355022429422,9
2023-10-05,-1,0.013112054325789213,-0.013112054325789213,9
2023-10-06,-1,-0.003842314225981691,0.003842314225981691,9
2023-10-09,-1,0.01563135371498947,-0.01563135371498947,9
2023-10-10,-1,0.00659607913464999,-0.00659607913464999,9
2023-10-11,-1,-0.010722813919433194,0.010722813919433194,9
2023-10-12,-1,-0.00943398682421015,0.00943398682421015,9
2023-10-13,-1,0.008308001217611105,-0.008308001217611105,9
2023-10-16,-1,-0.0010048078526343485,0.0010048078526343485,9
2023-10-17,-1,-0.01850730609312523,0.01850730609312523,9
2023-10-18,-1,-0.008403358059409838,0.008403358059409838,9
2023-10-19,1,-0.0090947174801993,-0.0090947174801993,9
2023-10-20,1,0.001460152207539256,0.001460152207539256,9
2023-10-23,1,0.003749225400306866,0.003749225400306866,9
2023-10-24,1,-0.00850798628545446,-0.00850798628545446,9
2023-10-25,1,-0.005232314909734304,-0.005232314909734304,9
2023-10-26,1,-0.006522145309390992,-0.006522145309390992,9
2023-10-27,1,0.015247721037545903,0.015247721037545903,9
2023-10-30,1,0.002294547632512467,0.002294547632512467,9
2023-10-31,1,0.006659723203021439,0.006659723203021439,9
2023-11-01,1,0.022121143652101605,0.022121143652101605,9
2023-11-02,-1,0.008292877402925614,-0.008292877402925614,9
2023-11-03,-1,-0.00300898125923732,0.00300898125923732,9
2023-11-06,-1,-0.0046277573180206755,0.0046277573180206755,9
2023-11-07,-1,0.004851381804071853,-0.004851381804071853,9
2023-11-08,-1,-0.00040234275059403135,0.00040234275059403135,9
2023-11-09,-1,0.004226260917162605,-0.004226260917162605,9
2023-11-10,-1,0.002805598905158968,-0.002805598905158968,9
2023-11-13,-1,0.02977613582151606,-0.02977613582151606,9
2023-11-14,-1,0.0001941031722765274,-0.0001941031722765274,9
2023-11-15,-1,-0.0025223334459830715,0.0025223334459830715,9
2023-11-16,-1,0.013810524928612677,-0.013810524928612677,9
2023-11-17,-1,0.004412884630656144,-0.004412884630656144,9
2023-11-20,-1,-0.0036293912559121067,0.0036293912559121067,9
2023-11-21,-1,0.000766888720175718,-0.000766888720175718,9
2023-11-22,-1,0.010727922421628344,-0.010727922421628344,9
2023-11-24,-1,-0.003411609101682922,0.003411609101682922,9
2023-11-27,-1,-0.00038038145810526114,0.00038038145810526114,9
2023-11-28,-1,0.004946695485919861,-0.004946695485919861,9
2023-11-29,-1,-0.0020825560580671754,0.0020825560580671754,9
2023-11-30,-1,0.00929618074326899,-0.00929618074326899,9
2023-12-01,-1,-0.005075196501721835,0.005075196501721835,9
2023-12-04,-1,-0.0017003618376909557,0.0017003618376909557,9
2023-12-05,-1,0.00018921880212596776,-0.00018921880212596776,9
2023-12-06,-1,0.003973564905072946,-0.003973564905072946,9
2023-12-07,-1,0.0050885874627886185,-0.0050885874627886185,9
2023-12-08,-1,0.0020625687582527252,-0.0020625687582527252,9
2023-12-11,-1,0.00168413463511774,-0.00168413463511774,9
2023-12-12,-1,0.013824055582698724,-0.013824055582698724,9
2023-12-13,-1,0.01252994839579924,-0.01252994839579924,9
2023-12-14,-1,-0.01146498743163138,0.01146498743163138,9
2023-12-15,-1,0.0031296388917096962,-0.0031296388917096962,9
2023-12-18,-1,0.010277069945751949,-0.010277069945751949,9
2023-12-19,-1,-0.021798379283747393,0.021798379283747393,9
2023-12-20,-1,0.014670398104226434,-0.014670398104226434,9
2023-12-21,-1,0.0009150665742874153,-0.0009150665742874153,9
2023-12-22,-1,0.006034043505964259,-0.006034043505964259,9
2023-12-26,-1,0.005452548792522105,-0.005452548792522105,9
2023-12-27,-1,-0.00650760325989741,0.00650760325989741,9
2023-12-28,-1,0.0010917280620545977,-0.0010917280620545977,9
2023-12-29,-1,-0.012177425991788393,0.012177425991788393,9
2024-01-02,-1,-0.00938359403590494,0.00938359403590494,9
2024-01-03,-1,0.006500714582636791,-0.006500714582636791,9
2024-01-04,-1,-0.00258349129352875,0.00258349129352875,9
2024-01-05,-1,0.011470840714825625,-0.011470840714825625,9
2024-01-08,-1,-0.009877393797624423,0.009877393797624423,9
2024-01-09,-1,0.004249021572102052,-0.004249021572102052,9
2024-01-10,-1,-0.003679189858238674,0.003679189858238674,9
2024-01-11,-1,0.0024003151492151265,-0.0024003151492151265,9
2024-01-12,-1,-0.019156398931463148,0.019156398931463148,9
2024-01-16,-1,-0.007323932199970629,0.007323932199970629,9
2024-01-17,-1,0.008513067683380449,-0.008513067683380449,9
2024-01-18,-1,0.0007502738660614128,-0.0007502738660614128,9
2024-01-19,-1,0.0016869757293722643,-0.0016869757293722643,9
2024-01-22,-1,-0.002994009197675007,0.002994009197675007,9
2024-01-23,-1,0.011073576691168263,-0.011073576691168263,9
2024-01-24,-1,0.006497165319437226,-0.006497165319437226,9
2024-01-25,-1,0.009037216022459882,-0.009037216022459882,9
2024-01-26,-1,0.0023761847978558404,-0.0023761847978558404,9
2024-01-29,-1,0.0009117293384650615,-0.0009117293384650615,9
2024-01-30,-1,-0.007469481726564364,0.007469481726564364,9
2024-01-31,-1,0.009911911161245568,-0.009911911161245568,9
2024-02-01,-1,-0.009269395346915288,0.009269395346915288,9
2024-02-02,-1,-0.00550356349840575,0.00550356349840575,9
2024-02-05,-1,0.007378740686853735,-0.007378740686853735,9
2024-02-06,-1,-0.0031130192591566352,0.0031130192591566352,9
2024-02-07,-1,0.0,-0.0,9
2024-02-08,-1,0.0029390127011064138,-0.0029390127011064138,9
2024-02-09,-1,0.0007326175209749763,-0.0007326175209749763,9
2024-02-12,-1,-0.018667651338900138,0.018667651338900138,9
2024-02-13,-1,0.013614314747817602,-0.013614314747817602,9
2024-02-14,-1,0.01067160712673898,-0.01067160712673898,9
2024-02-15,-1,0.0010923242846834214,-0.0010923242846834214,9
2024-02-16,-1,0.004728101720262723,-0.004728101720262723,9
2024-02-20,-1,0.0014479969421663519,-0.0014479969421663519,9
2024-02-21,-1,0.009217392095710375,-0.009217392095710375,10
2024-02-22,-1,0.0007163487718129247,-0.0007163487718129247,10
2024-02-23,-1,0.0007157677177085375,-0.0007157677177085375,10
2024-02-26,-1,0.0017883099444357953,-0.0017883099444357953,10
2024-02-27,-1,-0.004998193091911518,0.004998193091911518,10
2024-02-28,-1,-0.00035881695660944235,0.00035881695660944235,10
2024-02-29,-1,0.008793931317924386,-0.008793931317924386,10
2024-03-01,-1,-0.0003558167245940602,0.0003558167245940602,10
2024-03-04,-1,-0.003737303605713893,0.003737303605713893,10
2024-03-05,-1,0.009824923929225404,-0.009824923929225404,10
2024-03-06,-1,0.01645144746609084,-0.01645144746609084,10
2024-03-07,-1,-0.004176781545309538,0.004176781545309538,10
2024-03-08,-1,-0.00034953612962240754,0.00034953612962240754,10
2024-03-11,-1,0.009615371149031438,-0.009615371149031438,10
2024-03-12,-1,0.0017315753094562236,-0.0017315753094562236,10
2024-03-13,-1,-0.007087292277034751,0.007087292277034751,10
2024-03-14,-1,-0.0008704602760435387,0.0008704602760435387,10
2024-03-15,-1,-0.005575879042123422,0.005575879042123422,10
2024-03-18,-1,0.001226558528097721,-0.001226558528097721,10
2024-03-19,-1,0.012075646635923087,-0.012075646635923087,10
2024-03-20,-1,-0.003285534072112406,0.003285534072112406,10
2024-03-21,-1,-0.0019084075558009062,0.0019084075558009062,10
2024-03-22,-1,0.00034765267144187817,-0.00034765267144187817,10
2024-03-25,-1,0.0017376592553273174,-0.0017376592553273174,10
2024-03-26,-1,0.006244523610163144,-0.006244523610163144,10
2024-03-27,-1,-0.002758142596820501,0.002758142596820501,10
2024-03-28,-1,-0.0020743117554004042,0.0020743117554004042,10
2024-04-01,-1,-0.008314559952233402,0.008314559952233402,10
2024-04-02,-1,0.006812216413073058,-0.006812216413073058,10
2024-04-03,-1,-0.007980553250235944,0.007980553250235944,10
2024-04-04,-1,0.002798178498743864,-0.002798178498743864,10
2024-04-05,-1,0.005580741087768848,-0.005580741087768848,10
2024-04-08,-1,-0.0022546144373788435,0.0022546144373788435,10
2024-04-09,-1,-0.011993718778893658,0.011993718778893658,10
2024-04-10,-1,0.0008796487847699819,-0.0008796487847699819,10
2024-04-11,-1,-0.016874654504695497,0.016874654504695497,10
2024-04-12,-1,-0.0017879219305464433,0.0017879219305464433,10
2024-04-15,-1,-0.0073437873663352304,0.0073437873663352304,10
2024-04-16,-1,0.0030675205568273523,-0.0030675205568273523,10
2024-04-17,-1,-0.0016189989627783952,0.0016189989627783952,10
2024-04-18,-1,0.00216214291684258,-0.00216214291684258,10
2024-04-19,-1,0.010967289141781578,-0.010967289141781578,10
2024-04-22,-1,0.014582957522670581,-0.014582957522670581,10
2024-04-23,-1,-0.004732698709455474,0.004732698709455474,10
2024-04-24,-1,-0.0021134014523529476,0.0021134014523529476,10
2024-04-25,-1,0.007942124323178978,-0.007942124323178978,10
2024-04-26,-1,0.002801608224516583,-0.002801608224516583,10
2024-04-29,-1,-0.014667367659746855,0.014667367659746855,10
2024-04-30,-1,-0.001949328544332385,0.001949328544332385,10
2024-05-01,-1,0.01047585503879378,-0.01047585503879378,10
2024-05-02,-1,0.00861011561730085,-0.00861011561730085,10
2024-05-03,-1,0.007839667879439016,-0.007839667879439016,10
2024-05-06,-1,0.006395898986022441,-0.006395898986022441,10
2024-05-07,-1,0.003435193130347569,-0.003435193130347569,10
2024-05-08,-1,0.008729923865378852,-0.008729923865378852,10
2024-05-09,-1,0.0042423213762998735,-0.0042423213762998735,10
2024-05-10,-1,0.0006759194883587671,-0.0006759194883587671,10
2024-05-13,-1,0.008443093375438915,-0.008443093375438915,10
2024-05-14,-1,0.010214343568032191,-0.010214343568032191,10
2024-05-15,-1,-0.004475392832239078,0.004475392832239078,10
2024-05-16,-1,0.0019979841681809773,-0.0019979841681809773,10
2024-05-17,-1,-0.0004984841998130207,0.0004984841998130207,10
2024-05-20,-1,0.0003324462603346845,-0.0003324462603346845,10
2024-05-21,-1,-0.008309789184239302,0.008309789184239302,10
2024-05-22,-1,-0.004860015246003546,0.004860015246003546,10
2024-05-23,-1,0.00808352195355666,-0.00808352195355666,10
2024-05-24,-1,-0.0013364822960066913,0.0013364822960066913,10
2024-05-28,-1,-0.015724299864564806,0.015724299864564806,10
2024-05-29,-1,0.00985720623476083,-0.00985720623476083,10
2024-05-30,-1,0.009761054340755804,-0.009761054340755804,10
2024-05-31,-1,0.0006666819254557144,-0.0006666819254557144,10
2024-06-03,-1,-0.002498359819979812,0.002498359819979812,10
2024-06-04,-1,0.007847741283903975,-0.007847741283903975,10
2024-06-05,-1,0.003147757203243007,-0.003147757203243007,10
2024-06-06,-1,-0.011560706387441333,0.011560706387441333,10
2024-06-07,-1,-0.003675813059560662,0.003675813059560662,10
2024-06-10,-1,-0.03152777183363975,0.03152777183363975,10
2024-06-11,-1,0.014718588296469104,-0.014718588296469104,10
2024-06-12,-1,-0.014846398541613848,0.014846398541613848,10
2024-06-13,-1,-0.015936223388885118,0.015936223388885118,10
2024-06-14,-1,0.007569095137849091,-0.007569095137849091,10
2024-06-17,-1,0.005241076664283195,-0.005241076664283195,10
2024-06-18,-1,0.0022592501103504414,-0.0022592501103504414,10
2024-06-20,-1,-0.008323210637707357,0.008323210637707357,10
2024-06-21,-1,0.009442226411859878,-0.009442226411859878,10
2024-06-24,-1,-0.002078623468496188,0.002078623468496188,10
2024-06-25,-1,-0.008852666738886072,0.008852666738886072,10
2024-06-26,-1,-0.0014010160857304,0.0014010160857304,10
2024-06-27,-1,-0.0012276340628244453,0.0012276340628244453,10
2024-06-28,-1,0.00526776528606776,-0.00526776528606776,10
2024-07-01,-1,-0.0019214080410753231,0.0019214080410753231,10
2024-07-02,-1,0.012075646635923087,-0.012075646635923087,10
2024-07-03,-1,0.008300182034207904,-0.008300182034207904,10
2024-07-05,-1,-0.0044589629584465,0.0044589629584465,10
2024-07-08,-1,-0.009130039384367628,0.009130039384367628,10
2024-07-09,-1,0.013386655974195971,-0.013386655974195971,10
2024-07-10,-1,0.00394578038469473,-0.00394578038469473,10
2024-07-11,-1,0.011790817178940038,-0.011790817178940038,10
2024-07-12,-1,-0.010302324265894613,0.010302324265894613,10
2024-07-15,-1,0.0037542871404729894,-0.0037542871404729894,10
2024-07-16,-1,-0.005100293074074003,0.005100293074074003,10
2024-07-17,-1,-0.0078605447859601,0.0078605447859601,10
2024-07-18,-1,-0.006028285920423149,0.006028285920423149,10
2024-07-19,-1,0.014035719739059038,-0.014035719739059038,10
2024-07-22,-1,-0.008885858743951647,0.008885858743951647,10
2024-07-23,-1,-0.009310360612540425,0.009310360612540425,10
2024-07-24,-1,-0.0033066242557655556,0.0033066242557655556,10
2024-07-25,-1,0.013794323541344466,-0.013794323541344466,10
2024-07-26,-1,-0.006717244146072554,0.006717244146072554,10
2024-07-29,-1,0.003294649686820472,-0.003294649686820472,10
2024-07-30,-1,0.00898721832489291,-0.00898721832489291,10
2024-07-31,-1,-0.020041143580615373,0.020041143580615373,10
2024-08-01,-1,-0.007690939237025907,0.007690939237025907,10
2024-08-02,-1,-0.022194858658983074,0.022194858658983074,10
2024-08-05,-1,0.0028823608764196873,-0.0028823608764196873,10
2024-08-06,-1,0.0014370726367172182,-0.0014370726367172182,10
2024-08-07,-1,0.013991009494114248,-0.013991009494114248,10
2024-08-08,-1,0.006191443417234543,-0.006191443417234543,10
2024-08-09,-1,-0.0026371575784479573,0.0026371575784479573,10
2024-08-12,-1,0.013925628801374712,-0.013925628801374712,10
2024-08-13,-1,0.006084813479410478,-0.006084813479410478,11
2024-08-14,-1,0.009676885841144678,-0.009676885841144678,11
2024-08-15,-1,0.0046209217243449174,-0.0046209217243449174,11
2024-08-16,-1,0.012436107883276426,-0.012436107883276426,11
2024-08-19,-1,-0.00201916424816706,0.00201916424816706,11
2024-08-20,-1,0.009441873977867221,-0.009441873977867221,11
2024-08-21,-1,-0.006180039059391351,0.006180039059391351,11
2024-08-22,-1,0.01731090385372891,-0.01731090385372891,11
2024-08-23,-1,-0.0029737371354011666,0.0029737371354011666,11
2024-08-26,-1,0.004473909935216458,-0.004473909935216458,11
2024-08-27,-1,-0.004288985914126298,0.004288985914126298,11
2024-08-28,-1,0.0029821123816375916,-0.0029821123816375916,11
2024-08-29,-1,-0.000165215330016677,0.000165215330016677,11
2024-08-30,-1,-0.018998806118842637,0.018998806118842637,11
2024-09-03,-1,-0.002189307271417973,0.002189307271417973,11
2024-09-04,-1,-0.0016877379598496667,0.0016877379598496667,11
2024-09-05,-1,-0.01403215231856847,0.01403215231856847,11
2024-09-06,-1,0.006344288988698432,-0.006344288988698432,11
2024-09-09,-1,-0.0039188881856891955,0.0039188881856891955,11
2024-09-10,-1,0.005131701022216273,-0.005131701022216273,11
2024-09-11,-1,0.006977533341110842,-0.006977533341110842,11
2024-09-12,-1,0.0054082054998174645,-0.0054082054998174645,11
2024-09-13,-1,0.00790044365011311,-0.00790044365011311,11
2024-09-16,-1,-0.004836573047954595,0.004836573047954595,11
2024-09-17,-1,-0.0013406740206514112,0.0013406740206514112,11
2024-09-18,-1,0.017116973571938754,-0.017116973571938754,11
2024-09-19,-1,-0.013199129335166426,0.013199129335166426,11
2024-09-20,-1,0.0025079034900110653,-0.0025079034900110653,11
2024-09-23,-1,0.00967314609590919,-0.00967314609590919,11
2024-09-24,-1,-0.00528575635918338,0.00528575635918338,11
2024-09-25,-1,0.021421406089021877,-0.021421406089021877,11
2024-09-26,-1,-0.0003250958155107675,0.0003250958155107675,11
2024-09-27,-1,-0.009107193982840989,0.009107193982840989,11
2024-09-30,-1,-0.010832099854035993,0.010832099854035993,11
2024-10-01,-1,-0.002322870227063456,0.002322870227063456,11
2024-10-02,-1,-0.01080993704195321,0.01080993704195321,11
2024-10-03,-1,0.004707444207326272,-0.004707444207326272,11
2024-10-04,-1,-0.004518016242465617,0.004518016242465617,11
2024-10-07,-1,-0.002689525010889704,0.002689525010889704,11
2024-10-08,-1,0.003370924356478122,-0.003370924356478122,11
2024-10-09,-1,-0.002687717968973935,0.002687717968973935,11
2024-10-10,-1,0.006063678909015824,-0.006063678909015824,11
2024-10-11,-1,0.003683261717548847,-0.003683261717548847,11
2024-10-14,-1,-0.01634694795270386,0.01634694795270386,11
2024-10-15,-1,0.0010174250865147005,-0.0010174250865147005,11
2024-10-16,-1,0.0015246511002717789,-0.0015246511002717789,11
2024-10-17,-1,0.006935044905607812,-0.006935044905607812,11
2024-10-18,-1,-0.011758726064103886,0.011758726064103886,11
2024-10-21,-1,-0.003569656512556252,0.003569656512556252,11
2024-10-22,-1,-0.006823570768850207,0.006823570768850207,11
2024-10-23,-1,0.0039505245175868176,-0.0039505245175868176,11
2024-10-24,-1,-0.003934979285443618,0.003934979285443618,11
2024-10-25,-1,0.009103379735217354,-0.009103379735217354,11
2024-10-28,-1,-0.007829771650598394,0.007829771650598394,11
2024-10-29,-1,-0.007720033554152517,0.007720033554152517,11
2024-10-30,-1,-0.009336115389051991,0.009336115389051991,11
2024-10-31,-1,0.004537559156934545,-0.004537559156934545,11
2024-11-01,-1,0.0005211740545718602,-0.0005211740545718602,11
2024-11-04,-1,0.00833477237306024,-0.00833477237306024,11
2024-11-05,-1,-0.022903358418236097,0.022903358418236097,11
2024-11-06,-1,0.014980585988309425,-0.014980585988309425,11
2024-11-07,-1,-0.014759480324170404,0.014759480324170404,11
2024-11-08,-1,-0.0003524930767011547,0.0003524930767011547,11
2024-11-11,-1,-0.019922444354651736,0.019922444354651736,11
2024-11-12,-1,-0.006296068954135481,0.006296068954135481,11
2024-11-13,-1,0.003077446846124543,-0.003077446846124543,11
2024-11-14,-1,-0.0030680052231267796,0.0030680052231267796,11
2024-11-15,-1,0.0039825742092911565,-0.0039825742092911565,11
2024-11-18,-1,-0.0027046107763755156,0.0027046107763755156,11
2024-11-19,-1,-0.002531245721742237,0.002531245721742237,11
2024-11-20,-1,-0.0018125517027365312,0.0018125517027365312,11
2024-11-21,-1,0.003450129430940363,-0.003450129430940363,11
2024-11-22,-1,0.005609869393901512,-0.005609869393901512,11
2024-11-25,-1,-0.005758497329162671,0.005758497329162671,11
2024-11-26,-1,0.008144810188949414,-0.008144810188949414,11
2024-11-27,-1,0.01095153684014738,-0.01095153684014738,11
2024-11-29,-1,-0.00035518482109575533,0.00035518482109575533,11
2024-12-02,-1,0.003553042453127375,-0.003553042453127375,11
2024-12-03,-1,0.0033634027449747084,-0.0033634027449747084,11
2024-12-04,-1,0.008997853189613103,-0.008997853189613103,11
2024-12-05,-1,0.001223984901295827,-0.001223984901295827,11
2024-12-06,-1,-0.0010478092971090147,0.0010478092971090147,11
2024-12-09,-1,-0.008041941928971008,0.008041941928971008,11
2024-12-10,-1,0.004582275534755098,-0.004582275534755098,11
2024-12-11,-1,-0.008947338974266694,0.008947338974266694,11
2024-12-12,-1,0.0005310458205971536,-0.0005310458205971536,11
2024-12-13,-1,-0.002830853611398565,0.002830853611398565,11
2024-12-16,-1,-0.016323668801976554,0.016323668801976554,11
2024-12-17,-1,-0.022907656732008452,0.022907656732008452,11
2024-12-18,-1,-0.004061240787192388,0.004061240787192388,11
2024-12-19,-1,-0.0020389362149393353,0.0020389362149393353,11
2024-12-20,-1,0.0052005716661094326,-0.0052005716661094326,11
2024-12-23,-1,0.005173736133043061,-0.005173736133043061,11
2024-12-24,-1,0.00349262171653808,-0.00349262171653808,11
2024-12-26,-1,-0.0031141597942369037,0.0031141597942369037,11
2024-12-27,-1,-0.00716647193624842,0.00716647193624842,11
2024-12-30,-1,-0.0009253977084986431,0.0009253977084986431,11
2024-12-31,-1,-0.0033345740404265856,0.0033345740404265856,11
2025-01-02,-1,0.0039033287630234614,-0.0039033287630234614,11
2025-01-03,-1,0.012590267104390485,-0.012590267104390485,11
2025-01-06,-1,0.00036570594744733675,-0.00036570594744733675,11
2025-01-07,-1,-0.0031072595830761163,0.0031072595830761163,11
2025-01-08,-1,-0.010817751057644709,0.010817751057644709,11
2025-01-10,-1,-0.004819316636767823,0.004819316636767823,11
2025-01-13,-1,0.004283843325000758,-0.004283843325000758,11
2025-01-14,-1,0.012425853234328432,-0.012425853234328432,11
2025-01-15,-1,0.00970871547564478,-0.00970871547564478,11
2025-01-16,-1,0.0043541669651223636,-0.0043541669651223636,11
2025-01-17,-1,0.02312136497804751,-0.02312136497804751,11
2025-01-21,-1,-0.003001380133778375,0.003001380133778375,11
2025-01-22,-1,0.00885425870712897,-0.00885425870712897,11
2025-01-23,-1,0.004563775951591742,-0.004563775951591742,11
2025-01-24,-1,0.0036693881906757486,-0.0036693881906757486,11
2025-01-27,-1,-0.0033077756137103176,0.0033077756137103176,11
2025-01-28,-1,0.0006987059480758617,-0.0006987059480758617,11
2025-01-29,-1,0.009600265810285169,-0.009600265810285169,11
2025-01-30,-1,-0.0069156556850563655,0.0069156556850563655,11
2025-01-31,-1,-0.014623958437862794,0.014623958437862794,11
2025-02-03,-1,0.013427599942038126,-0.013427599942038126,11
2025-02-04,-1,0.009414241802324641,-0.009414241802324641,11
2025-02-05,-1,0.0062175610736969755,-0.0062175610736969755,12
2025-02-06,-1,-0.008753833440202863,0.008753833440202863,12
2025-02-07,-1,0.006060579638460517,-0.006060579638460517,12
2025-02-10,-1,0.007745280116313369,-0.007745280116313369,12
2025-02-11,-1,0.0066609631892460275,-0.0066609631892460275,12
2025-02-12,-1,0.011028190380451663,-0.011028190380451663,12
2025-02-13,-1,0.003020646160678986,-0.003020646160678986,12
2025-02-14,-1,0.005688474987182834,-0.005688474987182834,12
2025-02-18,-1,-0.01197806044572114,0.01197806044572114,12
2025-02-19,-1,0.0070719310988203166,-0.0070719310988203166,12
2025-02-20,-1,-0.005183102594434219,0.005183102594434219,12
2025-02-21,-1,0.0016806466238838969,-0.0016806466238838969,12
2025-02-24,-1,0.009899331672702516,-0.009899331672702516,12
2025-02-25,-1,0.00199373233626865,-0.00199373233626865,12
2025-02-26,-1,-0.014093886079644347,0.014093886079644347,12
2025-02-27,-1,0.007904494247223504,-0.007904494247223504,12
2025-02-28,-1,0.013015163946687114,-0.013015163946687114,12
2025-03-03,-1,0.001976655384478887,-0.001976655384478887,12
2025-03-04,-1,0.02350807903064167,-0.02350807903064167,12
2025-03-05,-1,-0.010279463650854082,0.010279463650854082,12
2025-03-06,-1,0.015092507648430953,-0.015092507648430953,12
2025-03-07,-1,-0.026378860612423893,0.026378860612423893,12
2025-03-10,-1,-0.0011494202474604531,0.0011494202474604531,12
2025-03-11,-1,0.0027946434954491117,-0.0027946434954491117,12
2025-03-12,-1,-0.007049185330750496,0.007049185330750496,12
2025-03-13,-1,0.01997687123277392,-0.01997687123277392,12
2025-03-14,-1,0.009873755623251546,-0.009873755623251546,12
2025-03-17,-1,0.0046481955179416,-0.0046481955179416,12
2025-03-18,-1,-0.0001595746040486956,0.0001595746040486956,12
2025-03-19,-1,-0.009893074038607397,0.009893074038607397,12
2025-03-20,-1,-0.008541479223424742,0.008541479223424742,12
2025-03-21,-1,-0.00048762644788125087,0.00048762644788125087,12
2025-03-24,-1,0.005366693890870078,-0.005366693890870078,12
2025-03-25,-1,-0.013587838187230195,0.013587838187230195,12
2025-03-26,-1,0.0014758962489915817,-0.0014758962489915817,12
2025-03-27,-1,-0.0045848826051427816,0.0045848826051427816,12
2025-03-28,-1,-0.01052803717732742,0.01052803717732742,12
2025-03-31,-1,0.0016624849806208264,-0.0016624849806208264,12
2025-04-01,-1,0.003319514737584184,-0.003319514737584184,12
2025-04-02,-1,-0.012406947734230789,0.012406947734230789,12
2025-04-03,-1,-0.06683419811518176,0.06683419811518176,12
2025-04-04,-1,-0.030335642693988363,0.030335642693988363,12
2025-04-07,-1,-0.004998157265377556,0.004998157265377556,12
2025-04-08,-1,0.07851165061773258,-0.07851165061773258,12
2025-04-09,-1,-0.017595315443936776,0.017595315443936776,12
2025-04-10,-1,0.028270422981263144,-0.028270422981263144,12
2025-04-11,-1,0.007855175438613582,-0.007855175438613582,12
2025-04-14,-1,0.009318861958568458,-0.009318861958568458,12
2025-04-15,-1,-0.003021660334025844,0.003021660334025844,12
2025-04-16,-1,0.008418925831596313,-0.008418925831596313,12
2025-04-17,-1,-0.005510068788119882,0.005510068788119882,12
2025-04-21,-1,0.020147698464968666,-0.020147698464968666,12
2025-04-22,-1,0.0026333089504941842,-0.0026333089504941842,12
2025-04-23,-1,0.013460333784768519,-0.013460333784768519,12
2025-04-24,-1,0.004697069856595348,-0.004697069856595348,12
2025-04-25,-1,0.005803653352186133,-0.005803653352186133,12
2025-04-28,-1,0.0017631128614790104,-0.0017631128614790104,12
2025-04-29,-1,0.0009600219726562109,-0.0009600219726562109,12
2025-04-30,-1,-0.004955264809558768,0.004955264809558768,12
2025-05-01,-1,0.02200801497003635,-0.02200801497003635,12
2025-05-02,-1,0.0012574950078252378,-0.0012574950078252378,12
2025-05-05,-1,-0.0026687909200384663,0.0026687909200384663,12
2025-05-06,-1,-0.002518492845686171,0.002518492845686171,12
2025-05-07,-1,-0.0036294705083323997,0.0036294705083323997,12
2025-05-08,-1,0.0058599768049003575,-0.0058599768049003575,12
2025-05-09,-1,0.0017320203630719622,-0.0017320203630719622,12
2025-05-12,-1,0.0037724250628132783,-0.0037724250628132783,12
2025-05-13,-1,-0.0018790938104894517,0.0018790938104894517,12
2025-05-14,-1,0.009883919854493328,-0.009883919854493328,12
2025-05-15,-1,0.0032623749497013854,-0.0032623749497013854,12
2025-05-16,-1,0.010994101336975204,-0.010994101336975204,12
2025-05-19,-1,0.007658140496075383,-0.007658140496075383,12
2025-05-20,-1,-0.00592794321661716,0.00592794321661716,12
2025-05-21,-1,-0.0006116347797257005,0.0006116347797257005,12
2025-05-22,-1,-0.001377049670206132,0.001377049670206132,12
2025-05-23,-1,0.011490731401464949,-0.011490731401464949,12
2025-05-27,-1,-0.009694023359446025,0.009694023359446025,12
2025-05-28,-1,0.003823799487647328,-0.003823799487647328,12
2025-05-29,-1,0.0010665807977094932,-0.0010665807977094932,12
2025-05-30,-1,0.010958923198586046,-0.010958923198586046,12
2025-06-02,-1,-0.008431158898399072,0.008431158898399072,12
2025-06-03,-1,0.006529005484220862,-0.006529005484220862,12
2025-06-04,-1,0.001659384655790408,-0.001659384655790408,12
2025-06-05,-1,0.0025602133288966655,-0.0025602133288966655,12
2025-06-06,-1,0.0,-0.0,12
2025-06-09,-1,0.0016524051503055137,-0.0016524051503055137,12
2025-06-10,-1,-0.00044989170905185283,0.00044989170905185283,12
2025-06-11,-1,0.008402063702523943,-0.008402063702523943,12
2025-06-12,-1,-0.015027557654941348,0.015027557654941348,12
2025-06-13,-1,-0.014652471843268677,0.014652471843268677,12
2025-06-16,-1,-0.013950691633877521,0.013950691633877521,12
2025-06-17,-1,-0.001243809568318821,0.001243809568318821,12
2025-06-18,-1,-0.005603935361544132,0.005603935361544132,12
2025-06-20,-1,0.008609881463121472,-0.008609881463121472,12
2025-06-23,-1,0.013968671761850127,-0.013968671761850127,12
2025-06-24,-1,-0.006735074683513864,0.006735074683513864,12
2025-06-25,-1,0.009246393585523816,-0.009246393585523816,12
2025-06-26,-1,0.009314408768503313,-0.009314408768503313,12
2025-06-27,-1,0.001512836254606631,-0.001512836254606631,12
2025-06-30,-1,-0.0004531537867037416,0.0004531537867037416,12
2025-07-01,-1,0.0021157532646591815,-0.0021157532646591815,12
2025-07-02,-1,0.0,-0.0,12
2025-07-03,-1,-0.006183019873474693,0.006183019873474693,12
2025-07-07,-1,0.008952903250828204,-0.008952903250828204,12
2025-07-08,-1,0.009023890711358229,-0.009023890711358229,12
2025-07-09,-1,-0.0002980570004161853,0.0002980570004161853,12
2025-07-10,-1,-0.01133147666152623,0.01133147666152623,12
2025-07-11,-1,-0.00015072398135895781,0.00015072398135895781,12
2025-07-14,-1,-0.011613940226515962,0.011613940226515962,12
2025-07-15,-1,0.005035889473554267,-0.005035889473554267,12
2025-07-16,-1,0.0012147256348811197,-0.0012147256348811197,12
2025-07-17,-1,-0.0027297588491254077,0.0027297588491254077,12
2025-07-18,-1,0.0048661752498320165,-0.0048661752498320165,12
2025-07-21,-1,0.004691246216764755,-0.004691246216764755,12
2025-07-22,-1,0.02138873598433433,-0.02138873598433433,12
2025-07-23,-1,-0.011355208240511505,0.011355208240511505,12
2025-07-24,-1,0.0014916239969491318,-0.0014916239969491318,12
2025-07-25,-1,-0.016532627650316933,0.016532627650316933,12
2025-07-28,-1,-0.002726038293252575,0.002726038293252575,12
2025-07-29,-1,-0.010326504494043709,0.010326504494043709,12
2025-07-30,-1,-0.012122156478804325,0.012122156478804325,13
2025-07-31,-1,-0.003261868490705866,0.003261868490705866,13
2025-08-01,-1,0.011376085051641338,-0.011376085051641338,13
2025-08-04,-1,0.0015408085018491224,-0.0015408085018491224,13
2025-08-05,-1,0.004461552546574543,-0.004461552546574543,13
2025-08-06,-1,0.009342940753527929,-0.009342940753527929,13
2025-08-07,-1,0.003034854986515345,-0.003034854986515345,13
2025-08-08,-1,-0.0054463028541900105,0.0054463028541900105,13
2025-08-11,-1,0.008670515870800699,-0.008670515870800699,13
2025-08-12,-1,0.00844526027155168,-0.00844526027155168,13
2025-08-13,-1,0.0020936052624223045,-0.0020936052624223045,13
2025-08-14,-1,0.00298458352285369,-0.00298458352285369,13
2025-08-15,-1,-0.002380539129508863,0.002380539129508863,13
2025-08-18,-1,0.0017896362673521793,-0.0017896362673521793,13
2025-08-19,-1,0.006401672128890867,-0.006401672128890867,13
2025-08-20,-1,-0.006065030206647171,0.006065030206647171,13
2025-08-21,-1,0.014883166597174258,-0.014883166597174258,13
2025-08-22,-1,-0.014224977063706956,0.014224977063706956,13
2025-08-25,-1,-0.002082704360399812,0.002082704360399812,13
2025-08-26,-1,-0.0025342600522502146,0.0025342600522502146,13
2025-08-27,-1,0.0017933808193086875,-0.0017933808193086875,13
2025-08-28,-1,-0.004326434742781382,0.004326434742781382,13
2025-08-29,-1,-0.01273596795517018,0.01273596795517018,13
2025-09-02,-1,0.0034907172418296994,-0.0034907172418296994,13
2025-09-03,-1,0.005444655102803564,-0.005444655102803564,13
2025-09-04,-1,0.005264718057277129,-0.005264718057277129,13
2025-09-05,-1,0.006134909793228838,-0.006134909793228838,13
2025-09-08,-1,-0.0013384345739118064,0.0013384345739118064,13
2025-09-09,-1,-0.0028295225180751116,0.0028295225180751116,13
2025-09-10,-1,0.010454070896172452,-0.010454070896172452,13
2025-09-11,-1,-0.0028081943707114476,0.0028081943707114476,13
2025-09-12,-1,0.0071142095576510744,-0.0071142095576510744,13
2025-09-15,-1,-0.00250181275320438,0.00250181275320438,13
2025-09-16,-1,-0.0036884037253237523,0.0036884037253237523,13
2025-09-17,-1,0.004146287344265698,-0.004146287344265698,13
2025-09-18,-1,-0.003539269612303886,0.003539269612303886,13
2025-09-19,-1,0.00325590086868055,-0.00325590086868055,13
2025-09-22,-1,-0.00014754589313148436,0.00014754589313148436,13
2025-09-23,-1,-0.006491626576137444,0.006491626576137444,13
2025-09-24,-1,-0.009949483299397266,0.009949483299397266,13
2025-09-25,-1,0.010349519429380338,-0.010349519429380338,13
2025-09-26,-1,0.004305239205754763,-0.004305239205754763,13
2025-09-29,-1,0.006947541908381538,-0.006947541908381538,13
2025-09-30,-1,0.012624788251270447,-0.012624788251270447,13
2025-10-01,-1,0.0014496733727840105,-0.0014496733727840105,13
2025-10-02,-1,0.005790409891087922,-0.005790409891087922,13
2025-10-03,-1,-0.0037421146181410014,0.0037421146181410014,13
2025-10-06,-1,-0.00809011194334186,0.00809011194334186,13
2025-10-07,-1,0.006990907397867785,-0.006990907397867785,13
2025-10-08,-1,-0.0109922207541161,0.0109922207541161,13
2025-10-09,-1,-0.011114281037762797,0.011114281037762797,13
2025-10-10,-1,0.006359069620083924,-0.006359069620083924,13
2025-10-13,-1,0.004261473521349313,-0.004261473521349313,13
2025-10-14,-1,0.0017559665351560838,-0.0017559665351560838,13
2025-10-15,-1,0.006427146469332179,-0.006427146469332179,13
2025-10-16,-1,0.0007256229500154365,-0.0007256229500154365,13
2025-10-17,-1,0.004641040014322639,-0.004641040014322639,13
2025-10-20,-1,-0.006351881526412084,0.006351881526412084,13
2025-10-21,-1,0.0008716774226014135,-0.0008716774226014135,13
2025-10-22,-1,0.004790271940462221,-0.004790271940462221,13
2025-10-23,-1,0.0015891448773719397,-0.0015891448773719397,13
2025-10-24,-1,0.00475987050828075,-0.00475987050828075,13
2025-10-27,-1,-0.002440508030468469,0.002440508030468469,13
2025-10-28,-1,-0.005468373364508228,0.005468373364508228,13
2025-10-29,-1,-0.0046302950658096975,0.0046302950658096975,13
2025-10-30,-1,-0.004070341264287958,0.004070341264287958,13
2025-10-31,-1,-0.0016056138800408792,0.0016056138800408792,13
2025-11-03,-1,-0.011403490671001881,0.011403490671001881,13
2025-11-04,-1,0.009464646016755562,-0.009464646016755562,13
2025-11-05,-1,-0.004541534988082518,0.004541534988082518,13
2025-11-06,-1,0.004415056147630603,-0.004415056147630603,13
2025-11-07,-1,0.011721656436011862,-0.011721656436011862,13
2025-11-10,-1,0.010861693944282935,-0.010861693944282935,13
2025-11-11,-1,0.005730571332321688,-0.005730571332321688,13
2025-11-12,-1,-0.0068375462735840165,0.0068375462735840165,13
2025-11-13,-1,-0.00803209335612376,0.00803209335612376,13
2025-11-14,-1,-0.011856669762844496,0.011856669762844496,13
2025-11-17,-1,-0.010096500570474176,0.010096500570474176,13
2025-11-18,-1,-0.0035476401826498583,0.0035476401826498583,13
2025-11-19,-1,-0.01349953438173268,0.01349953438173268,13
2025-11-20,-1,0.014436076458235414,-0.014436076458235414,13
2025-11-21,-1,-0.00237171708992312,0.00237171708992312,13
2025-11-24,-1,0.017236195841220603,-0.017236195841220603,13
2025-11-25,-1,0.00905642353014069,-0.00905642353014069,13
2025-11-26,-1,0.006369351481602337,-0.006369351481602337,13
2025-11-28,-1,-0.004890626500404727,0.004890626500404727,13
2025-12-01,-1,0.0041919762105819824,-0.0041919762105819824,13
2025-12-02,-1,0.006621549969622942,-0.006621549969622942,13
2025-12-03,-1,-0.0008579659421124042,0.0008579659421124042,13
2025-12-04,-1,-0.00028630702267884445,0.00028630702267884445,13
2025-12-05,-1,-0.002147480732365148,0.002147480732365148,13
2025-12-08,-1,-0.0031562926964251448,0.0031562926964251448,13
2025-12-09,-1,0.01266547511371341,-0.01266547511371341,13
2025-12-10,-1,0.007390515044849222,-0.007390515044849222,13
2025-12-11,-1,-0.006066595962728294,0.006066595962728294,13
2025-12-12,-1,0.0059617575093495745,-0.0059617575093495745,13
2025-12-15,-1,-0.014674768946266181,0.014674768946266181,13
2025-12-16,-1,-0.005728218751113068,0.005728218751113068,13
2025-12-17,-1,0.008353763913370615,-0.008353763913370615,13
2025-12-18,-1,0.004570771104984939,-0.004570771104984939,13
2025-12-19,-1,0.004407757010136626,-0.004407757010136626,13
2025-12-22,-1,0.003680664474475792,-0.003680664474475792,13
2025-12-23,-1,0.002115677329346033,-0.002115677329346033,13
2025-12-24,-1,0.0029556520120017638,-0.0029556520120017638,13
2025-12-26,-1,-0.003929255836417012,0.003929255836417012,13
2025-12-29,-1,0.0038038409452967326,-0.0038038409452967326,13
2025-12-30,-1,-0.003789426569353105,0.003789426569353105,13
2025-12-31,-1,0.00986188947783151,-0.00986188947783151,13
2026-01-02,-1,0.009068101605908874,-0.009068101605908874,13
2026-01-05,-1,0.0019355645804550736,-0.0019355645804550736,13
2026-01-06,-1,-0.0031737733277129587,0.0031737733277129587,13
2026-01-07,-1,0.001107445091645065,-0.001107445091645065,13
2026-01-08,-1,0.0058074968296131235,-0.0058074968296131235,13
2026-01-09,-1,0.005361553493290483,-0.005361553493290483,13
2026-01-12,-1,-0.003965553485834272,0.003965553485834272,13
2026-01-13,-1,0.003706813372263751,-0.003706813372263751,13
2026-01-14,-1,-0.0020517237672907918,0.0020517237672907918,13
2026-01-15,-1,0.003289444446012979,-0.003289444446012979,13
2026-01-16,-1,-0.014754019763467907,0.014754019763467907,13
2026-01-20,-1,0.010260646638766246,-0.010260646638766246,13
