feature,importance
SMCti_14_50_20_5,0.03885193334547202
SMCbi_14_50_20_5,0.0379686603788015
SMCbp_14_50_20_5,0.03540897867050136
SMCtp_14_50_20_5,0.03434410766846347
CRSI_3_2_100,0.029579518348270065
SLOPE_1,0.024315041251192774
PCTRET_1,0.02325744907821919
THERMO_20_2_0.5,0.021693204829894282
BBP_5_2.0_2.0,0.02140207092487714
CFO_9,0.02138094739210055
LOGRET_1,0.020139856580480144
BOP,0.018492896443116257
PVR,0.01731317488773771
DEC_1,0.014719253254480116
SMCbf_14_50_20_5,0.013241507632174325
THERMOs_20_2_0.5,0.012359051501399957
SMCtf_14_50_20_5,0.011586585089496372
BULLP_13,0.010831511043069508
AROONU_14,0.010697610527984128
STOCHh_14_3_3,0.010197176958508738
BEARP_13,0.008948113339483452
INC_1,0.008935306249268605
PVI,0.007160008409724804
RVI_14,0.007131581131426429
STOCHFk_14_3,0.006637249374182221
DMN_14,0.006535541410480254
AROOND_14,0.005567611017567343
DMP_14,0.0055452538983580225
QS_10,0.0053823732243561285
WILLR_14,0.005247118541968074
PGO_14,0.005221480986312664
ZS_30,0.005051206599256696
PDIST,0.004965706922796728
TRUERANGE_1,0.004934969656749466
CHOP_14_1_100.0,0.0048750302164589174
J_9_3,0.004783835082597526
PVOs_12_26_9,0.004685055295819497
PVOh_12_26_9,0.004642085955752329
PVO_12_26_9,0.004576208692517432
CG_10,0.004556806203196876
ADOSC_3_10,0.004433941933861441
AR_26,0.004401310371003009
SMIo_5_20_5_1.0,0.004342018950460021
PVOL,0.004323558961060108
Volume,0.004275457434888191
UO_7_14_28,0.004231132229424882
VTXM_14,0.004215515137398319
KVO_34_55_13,0.004184867682226291
ADX_14,0.004180096081484993
MFI_14,0.0041627672543146236
FISHERTs_9_1,0.004160215487767263
BBB_5_2.0_2.0,0.004138151057718886
KVOs_34_55_13,0.004138074591982679
TSVr_18_10,0.004118453902034455
RVGI_14_4,0.004107103820725589
DPO_20,0.004106626808183679
STOCHFd_14_3,0.004072670701348068
CTI_12,0.004046078293765046
VHF_28,0.004041506692957702
EFI_13,0.0039599848728100635
RSI_14,0.003931760446917772
THERMOma_20_2_0.5,0.00391199568293043
TMO_14_5_3,0.0038937645206580714
K_9_3,0.003887768014096508
RWIl_14,0.0038737946765629782
D_9_3,0.003847528061379681
RVGIs_14_4,0.0038404961031832173
CMF_20,0.003811249446934295
VHM_610,0.00380503632112482
STOCHk_14_3_3,0.0037428760182320916
STOCHRSId_14_14_3_3,0.0036806406420605347
ADXR_14_2,0.0036787613323132134
TSVs_18_10,0.0036766400697834443
PPOh_12_26_9,0.003654898774684508
STOCHd_14_3_3,0.0036438237836532482
TRIXs_30_9,0.0036398411187918435
SKEW_30,0.0036358967064678586
BR_26,0.0036262746969040424
VTXP_14,0.0036255194098501506
INERTIA_20_14,0.003568149504688808
STDEV_30,0.0035656635120043115
TRIX_30_9,0.003547549396154456
NATR_14,0.0035375350832326604
KURT_30,0.003499342507324996
STOCHRSIk_14_14_3_3,0.003476486942601786
TMOs_14_5_3,0.0033835617152423595
HWW_1,0.0033377884208361844
FISHERT_9_1,0.0033202039679502814
CMO_14,0.0033199236806439594
ROC_10,0.003318035459359586
VAR_30,0.0033100692150610797
ER_10,0.003275647909011508
RSX_14,0.0032516993804687926
MOM_10,0.003230385681347079
TRENDFLEX_20_20_0.04,0.0032076357609270283
MASSI_9_25,0.003153730098500728
ABER_ATR_5_15,0.0031334284340120435
MACDh_12_26_9,0.00310829123689051
RWIh_14,0.0030945366027653473
MAD_30,0.0030895822030054913
AROONOSC_14,0.003070475118982399
UI_14,0.003054274831743625
ENTP_10,0.003024382515112287
TSV_18_10,0.0030058846803261074
KSTs_9,0.0029192361074510905
ATRr_14,0.002915775119548699
PPO_12_26_9,0.0029106956048888014
SMI_5_20_5_1.0,0.002876507549437442
PVT,0.002850604322192513
EXHC_UPa,0.002837978367562067
NVI_1,0.0028358911705300537
ICS_26,0.0028222602776020287
APO_12_26,0.0028063381289291415
BIAS_SMA_26,0.002792448199451792
CCI_14_0.015,0.0027858690260928127
KST_10_15_20_30_10_10_10_15,0.002750085179488193
EXHC_DNa,0.0026740543435199104
MACD_12_26_9,0.002659058800132459
QQE_14_5_4.236,0.002649895569355865
TSIs_13_25_13,0.002638199599098896
TOS_STDEVALL_L_1,0.0026376223103239033
PPOs_12_26_9,0.0026376083072355903
SQZPRO_20_2.0_20_2.0_1.5_1.0,0.002631500217801215
PVIe_255,0.0026301156834262255
AO_5_34,0.0026043528380552926
SQZ_20_2.0_20_1.5,0.002594559801236507
QQEl_14_5_4.236,0.002575533583873026
TOS_STDEVALL_L_3,0.002569532767719403
STCmacd_10_12_26_0.5,0.002564101863580718
STC_10_12_26_0.5,0.002501997564304335
TOS_STDEVALL_U_3,0.0024915257616991227
TOS_STDEVALL_LR,0.002465918170451788
OBV_min_2,0.002416777069636643
MACDs_12_26_9,0.002410287352981574
QQE_14_5_4.236_RSIMA,0.002405284118057029
COPC_11_14_10,0.0023820527054396606
QQEs_14_5_4.236,0.002340011374324751
STCstoch_10_12_26_0.5,0.0023359331185473717
TOS_STDEVALL_U_1,0.002273230255002717
AD,0.002261317081140634
TOS_STDEVALL_U_2,0.002256299524999426
OBV,0.0022229467789472365
SMIs_5_20_5_1.0,0.0021954582945289103
TSI_13_25_13,0.002146366090522362
ISA_9,0.0020770003897809947
TOS_STDEVALL_L_2,0.002009742029588538
OBVe_4,0.00200841222817599
OBVe_12,0.0018430967811792743
OBV_max_2,0.0018290829611515831
CHDLREXTs_22_22_14_2.0,0.0017365750295065682
ISB_26,0.0016619430116342063
SMChv_14_50_20_5,0.0016225614084881192
PIVOTS_TRAD_D_R4,0.0015701672258154533
AMATe_SR_8_21_2,0.0015639917867840735
PIVOTS_TRAD_D_S3,0.0015226380630359872
Adj Close,0.0015214492873729514
VIDYA_14,0.0015140874073279527
PIVOTS_TRAD_D_S4,0.0014751400294623007
PIVOTS_TRAD_D_R2,0.0014718880509890348
HWL_1,0.0014429933493049804
PSARaf_0.02_0.2,0.0014069361889725972
PSARl_0.02_0.2,0.0014023296730262993
SUPERT_7_3.0,0.0013910531559947624
AOBV_LR_2,0.0013873102082606348
PWMA_10,0.0013854875079691788
HWU_1,0.0013644239335043212
PIVOTS_TRAD_D_S1,0.0013280978871975067
QTL_30_0.5,0.0013259876311904081
KCUe_20_2,0.0012844840215017184
PIVOTS_TRAD_D_R3,0.0012814192438500853
PSL_12,0.0012704141930154345
HILO_13_21,0.0012684311991654235
ACCBL_20,0.0012566229159286016
CKSPl_10_3_20,0.001255020159893345
WCP,0.0012377709518884429
HWMA_0.2_0.1_0.1,0.0012074952838992807
PIVOTS_TRAD_D_S2,0.0012052371962242739
HWM_1,0.001192540103605192
HL2,0.0011878742073838462
High,0.0011724163669525247
ITS_9,0.0011685809541339372
MEDIAN_30,0.0011324743590464727
BBU_5_2.0_2.0,0.0011324523359409408
OHLC4,0.001126785097551526
Open,0.0011267794291970647
VWMA_10,0.0011083675407808635
CKSPs_10_3_20,0.0011059558104563466
CHDLREXTl_22_22_14_2.0,0.0010729957128482617
AOBV_SR_2,0.001061830862117863
ACCBU_20,0.0010584428057267047
VWAP_D,0.001050812350904163
IKS_26,0.0010500309574879472
SMMA_7,0.0010416960118413976
SSF3_20,0.0010365041831839731
BBL_5_2.0_2.0,0.0010353734040673512
DCM_20_20,0.0010317750086928383
PSARs_0.02_0.2,0.0010302286555651102
PIVOTS_TRAD_D_P,0.0010119419756261297
AGj_13_8_5,0.00100905954012976
BBM_5_2.0_2.0,0.0010030359772596688
KCLe_20_2,0.0009977121297883964
MIDPRICE_2,0.0009958124255821635
DCL_20_20,0.000995780609975038
T3_10_0.7,0.0009900927910771445
HILOs_13_21,0.0009875068934133105
EMA_10,0.00098010686509303
DCU_20_20,0.0009724541970196549
HLC3,0.0009709221786731718
SWMA_10,0.000966653598540826
ABER_ZG_5_15,0.0009647101308181474
KCBe_20_2,0.000961292756055564
TEMA_10,0.0009482578638689491
PIVOTS_TRAD_D_R1,0.0009317756868967116
FAMA_0.5_0.05,0.0009188130511665136
Low,0.0009156451103087218
ZL_EMA_10,0.0009056393728061822
SINWMA_14,0.0008926314539194595
MIDPOINT_2,0.000892023785845798
SSF_20,0.0008879841341705492
SUPERTl_7_3.0,0.0008846673453725648
LDECAY_1,0.0008812114757785802
HMA_10,0.0008733788668590129
SMA_10,0.0008707479456523593
ALMA_9_6.0_0.85,0.0008693652968265656
ACCBM_20,0.0008685360078609792
LINREG_14,0.0008685270389818397
Close,0.0008677422342838456
WMA_10,0.0008647788391372951
DEMA_10,0.0008622535473725807
ABER_SG_5_15,0.0008621890861655494
SUPERTs_7_3.0,0.0008595802807949795
FWMA_10,0.0008412029965218125
KAMA_10_2_30,0.0008365378571133391
TRIMA_10,0.0008249655764315499
MCGD_10,0.0008131390336502341
JMA_7_0.0,0.0008103359790783699
HT_TL,0.0008099263847247542
ALPHAT_14_1_50,0.0007870519459221214
HILOl_13_21,0.0007831394390506865
ABER_XG_5_15,0.0007809271286720675
MAMA_0.5_0.05,0.0007529138993304598
AGt_13_8_5,0.0007399332871966795
RMA_10,0.0006967641335893708
AGl_13_8_5,0.0006966373552662843
ATRTSe_14_20_3.0,0.0006327262927655532
ALPHATl_14_1_50_2,0.0005595939621722232
SQZPRO_ON_NORMAL,0.0003976767604458135
AMATe_LR_8_21_2,0.00036904293799253367
SQZ_OFF,0.0003664504798971758
SQZ_ON,0.0003016136171125016
SUPERTd_7_3.0,0.0002627892561840573
SQZPRO_OFF,0.0002478738761597188
PSARr_0.02_0.2,0.0002358126917603447
THERMOl_20_2_0.5,0.00021943608033433043
SQZPRO_ON_WIDE,0.00020442512832833905
CHDLREXTd_22_22_14_2.0,7.237689484642961e-05
SQZPRO_ON_NARROW,0.0
SQZ_NO,0.0
SQZPRO_NO,0.0
TMOM_14_5_3,0.0
TMOMs_14_5_3,0.0
HWPCT_1,0.0
EOM_14_100000000,0.0
